"film_title","category","inventory_count","total_rental","total_revenue","last_rental_date","avg_rental_duration"
"Academy Dinosaur","Documentary","7","21","33.79","2005-08-23 01:01:01","6.00"
"Ace Goldfinger","Horror","3","7","52.93","2006-02-14 15:16:03","3.00"
"Adaptation Holes","Documentary","4","11","34.89","2005-08-23 13:54:39","7.00"
"Affair Prejudice","Horror","7","21","83.79","2006-02-14 15:16:03","5.00"
"African Egg","Family","3","11","47.89","2006-02-14 15:16:03","6.00"
"Agent Truman","Foreign","6","19","111.81","2005-08-21 16:03:01","3.00"
"Airplane Sierra","Comedy","5","15","82.85","2005-08-22 17:18:05","6.00"
"Airport Pollock","Horror","4","15","86.85","2005-08-23 20:24:36","6.00"
"Alabama Devil","Horror","5","12","71.88","2005-08-23 14:26:51","3.00"
"Aladdin Calendar","Sports","7","23","131.77","2005-08-21 20:49:21","6.00"
"Alamo Videotape","Foreign","7","22","30.78","2005-08-22 04:04:31","6.00"
"Alaska Phantom","Music","7","23","37.77","2005-08-23 06:11:52","6.00"
"Ali Forever","Horror","4","9","54.91","2006-02-14 15:16:03","4.00"
"Alien Center","Foreign","6","20","84.80","2005-08-23 19:21:22","5.00"
"Alley Evolution","Foreign","4","13","46.87","2005-08-22 07:10:26","6.00"
"Alone Trip","Music","6","17","61.83","2006-02-14 15:16:03","3.00"
"Alter Victory","Animation","6","20","30.80","2005-08-23 03:44:51","6.00"
"Amadeus Holy","Action","6","20","32.80","2006-02-14 15:16:03","6.00"
"Amelie Hellfighters","Music","3","10","67.90","2005-08-23 12:07:51","4.00"
"American Circus","Action","6","19","146.81","2006-02-14 15:16:03","3.00"
"Amistad Midsummer","New","7","21","70.79","2006-02-14 15:16:03","6.00"
"Anaconda Confessions","Animation","5","18","51.82","2005-08-20 21:21:08","3.00"
"Analyze Hoosiers","Horror","4","14","55.86","2005-08-22 17:58:27","6.00"
"Angels Life","New","6","20","103.80","2005-08-23 13:46:00","3.00"
"Annie Identity","Sci-Fi","5","19","50.81","2005-08-23 03:30:51","3.00"
"Anonymous Human","Sports","4","13","17.87","2005-08-20 00:18:15","7.00"
"Anthem Luke","Comedy","3","11","63.89","2005-08-22 22:37:34","5.00"
"Antitrust Tomatoes","Action","2","7","27.93","2005-08-21 01:31:25","5.00"
"Anything Savannah","Horror","2","8","43.92","2005-08-22 02:09:12","4.00"
"Apache Divine","Family","8","28","160.72","2005-08-23 15:10:42","5.00"
"Apocalypse Flamingos","New","2","5","24.95","2005-08-23 03:50:48","6.00"
"Arabia Dogma","Horror","4","12","21.88","2005-08-20 07:47:05","6.00"
"Arachnophobia Rollercoaster","Horror","7","23","109.77","2005-08-22 23:26:32","4.00"
"Arizona Bang","Classics","7","21","104.79","2005-08-23 05:08:58","3.00"
"Armageddon Lost","Sci-Fi","7","20","41.80","2006-02-14 15:16:03","5.00"
"Army Flintstones","Documentary","4","14","36.86","2005-08-22 18:27:33","4.00"
"Artist Coldblooded","Sports","4","14","59.86","2005-08-22 19:44:53","5.00"
"Atlantis Cause","Family","7","21","75.79","2005-08-19 06:38:59","6.00"
"Attacks Hate","Sci-Fi","5","16","101.84","2005-08-23 04:48:12","5.00"
"Attraction Newton","New","6","22","133.78","2005-08-21 23:00:02","5.00"
"Autumn Crow","Games","3","10","74.90","2005-08-21 22:25:53","3.00"
"Baby Hall","Foreign","2","7","40.93","2005-08-22 03:47:39","5.00"
"Backlash Undefeated","Children","4","16","140.84","2005-08-23 15:15:02","3.00"
"Badman Dawn","Sci-Fi","6","21","76.79","2005-08-23 15:23:50","6.00"
"Baked Cleopatra","Family","5","15","76.85","2006-02-14 15:16:03","3.00"
"Balloon Homeward","Music","6","22","91.78","2005-08-23 00:56:27","5.00"
"Ballroom Mockingbird","Foreign","2","7","9.93","2005-08-22 15:42:57","6.00"
"Bang Kwai","Family","2","7","22.93","2006-02-14 15:16:03","5.00"
"Banger Pinocchio","Music","5","20","40.80","2005-08-23 21:01:09","5.00"
"Barbarella Streetcar","Sci-Fi","6","22","84.78","2005-08-23 20:45:53","6.00"
"Barefoot Manchurian","Action","5","17","59.83","2005-08-23 19:45:25","6.00"
"Basic Easy","Travel","7","20","87.80","2006-02-14 15:16:03","4.00"
"Beach Heartbreakers","Documentary","4","14","55.86","2005-08-23 15:29:17","6.00"
"Bear Graceland","Children","5","19","93.81","2005-08-23 11:56:22","4.00"
"Beast Hunchback","Classics","3","10","69.90","2005-08-22 19:28:02","3.00"
"Beauty Grease","Drama","6","21","125.79","2005-08-23 21:34:33","5.00"
"Bed Highball","Documentary","2","6","24.94","2005-08-18 17:34:11","5.00"
"Bedazzled Married","Family","4","12","14.88","2005-08-23 20:44:36","6.00"
"Beethoven Exorcist","Drama","3","11","16.89","2005-08-20 21:21:34","6.00"
"Behavior Runaway","Horror","4","11","87.89","2005-08-22 06:46:03","3.00"
"Beneath Rush","Children","3","10","16.90","2005-08-20 09:21:08","6.00"
"Berets Agent","Action","6","19","72.80","2006-02-14 15:16:03","5.00"
"Betrayed Rear","Children","4","13","79.87","2005-08-21 04:29:11","5.00"
"Beverly Outlaw","Sci-Fi","8","21","115.79","2005-08-23 15:19:15","3.00"
"Bikini Borrowers","Animation","4","14","79.86","2005-08-22 20:03:46","7.00"
"Bilko Anonymous","Family","4","12","94.88","2005-08-23 14:55:47","3.00"
"Bill Others","Documentary","6","18","63.82","2005-08-23 19:50:06","6.00"
"Bingo Talented","Sci-Fi","8","25","119.75","2005-08-22 22:30:50","5.00"
"Birch Antitrust","Music","5","11","74.89","2005-08-23 10:56:15","4.00"
"Bird Independence","Travel","3","9","53.91","2005-08-23 22:13:04","6.00"
"Birdcage Casper","Music","3","9","23.91","2005-08-20 08:27:30","4.00"
"Birds Perdition","New","6","17","102.83","2005-08-23 10:36:00","5.00"
"Blackout Private","Animation","7","23","78.77","2005-08-23 01:39:10","7.00"
"Blade Polish","Drama","6","20","29.81","2006-02-14 15:16:03","5.00"
"Blanket Beverly","Family","4","10","33.90","2006-02-14 15:16:03","7.00"
"Blindness Gun","Sci-Fi","4","13","71.87","2005-08-23 09:41:28","6.00"
"Blood Argonauts","Family","2","7","30.93","2005-08-22 00:51:25","3.00"
"Blues Instinct","Family","5","18","75.82","2005-08-23 11:25:00","5.00"
"Boiled Dares","Travel","4","13","66.87","2005-08-21 04:30:47","7.00"
"Bonnie Holocaust","Documentary","4","15","31.85","2005-08-21 07:59:47","4.00"
"Boogie Amelie","Music","8","25","140.74","2006-02-14 15:16:03","6.00"
"Born Spinal","Travel","4","12","59.88","2005-08-23 13:45:44","7.00"
"Borrowers Bedazzled","Animation","6","20","25.80","2005-08-23 17:42:42","7.00"
"Boulevard Mob","New","6","16","56.84","2006-02-14 15:16:03","3.00"
"Bound Cheaper","Classics","8","24","50.76","2006-02-14 15:16:03","5.00"
"Bowfinger Gables","Horror","4","11","56.89","2005-08-19 10:49:03","7.00"
"Brannigan Sunrise","New","3","9","56.91","2005-08-23 16:24:24","4.00"
"Braveheart Human","Family","2","5","16.95","2005-08-20 16:05:11","7.00"
"Breakfast Goldfinger","New","5","16","104.84","2005-08-23 18:59:33","5.00"
"Breaking Home","New","3","10","41.90","2005-08-19 10:15:19","4.00"
"Bride Intrigue","Action","6","18","20.82","2005-08-23 20:29:10","7.00"
"Bright Encounters","Drama","3","12","87.88","2005-08-22 05:16:16","4.00"
"Bringing Hysterical","Comedy","6","19","68.81","2005-08-23 07:53:38","7.00"
"Brooklyn Desert","Foreign","6","19","106.81","2005-08-22 03:20:26","7.00"
"Brotherhood Blanket","Documentary","6","23","98.77","2005-08-22 22:57:25","3.00"
"Bubble Grosse","Sports","2","6","35.94","2006-02-14 15:16:03","4.00"
"Bucket Brotherhood","Travel","8","28","150.72","2005-08-23 21:49:22","7.00"
"Bugsy Song","Foreign","3","9","45.91","2005-08-21 16:03:27","4.00"
"Bull Shawshank","Action","5","16","21.84","2006-02-14 15:16:03","6.00"
"Bulworth Commandments","Games","2","7","32.93","2005-08-22 19:17:24","4.00"
"Bunch Minds","Drama","2","5","25.95","2005-08-21 16:05:11","4.00"
"Butterfly Chocolat","New","8","26","108.74","2005-08-22 20:47:48","3.00"
"Cabin Flash","Children","4","14","39.86","2005-08-21 15:57:25","4.00"
"Caddyshack Jedi","Action","4","14","46.86","2005-08-23 14:27:07","3.00"
"Calendar Gunfight","Foreign","7","18","123.82","2005-08-23 00:49:24","4.00"
"California Birds","Sports","4","11","73.89","2005-08-23 12:46:38","4.00"
"Camelot Vacation","Sci-Fi","7","24","93.76","2006-02-14 15:16:03","3.00"
"Campus Remember","Action","7","17","81.83","2005-08-22 19:46:36","5.00"
"Candidate Perdition","Classics","6","17","88.82","2006-02-14 15:16:03","4.00"
"Candles Grapes","Games","6","20","111.80","2005-08-22 06:49:29","6.00"
"Canyon Stock","Animation","6","19","27.81","2006-02-14 15:16:03","7.00"
"Caper Motions","Comedy","7","23","37.77","2005-08-23 22:18:51","6.00"
"Caribbean Liberty","Sports","3","8","66.92","2005-08-23 00:05:57","3.00"
"Carol Texas","Animation","6","17","79.83","2005-08-23 11:55:50","4.00"
"Carrie Bunch","Horror","7","23","34.77","2005-08-23 21:17:17","7.00"
"Casablanca Super","Travel","5","16","82.84","2005-08-23 01:16:55","6.00"
"Casper Dragonfly","Children","3","7","45.93","2005-08-21 20:01:34","3.00"
"Cassidy Wyoming","Travel","2","6","23.94","2005-08-23 19:14:07","5.00"
"Casualties Encino","Action","3","8","61.92","2005-08-21 14:47:09","3.00"
"Cat Coneheads","Comedy","8","27","159.73","2006-02-14 15:16:03","5.00"
"Cause Date","Documentary","6","19","114.81","2005-08-23 16:23:08","3.00"
"Celebrity Horn","Action","6","21","28.79","2005-08-23 14:59:51","7.00"
"Center Dinosaur","Classics","6","21","121.79","2006-02-14 15:16:03","5.00"
"Chainsaw Uptown","Sci-Fi","6","19","31.81","2005-08-23 15:37:31","6.00"
"Chamber Italian","Music","4","13","65.88","2006-02-14 15:16:03","7.00"
"Champion Flatliners","Animation","3","10","62.90","2005-08-23 16:44:25","4.00"
"Chance Resurrection","Sports","7","24","124.76","2005-08-23 16:30:55","3.00"
"Chaplin License","New","3","8","23.92","2005-08-20 16:02:28","7.00"
"Charade Duffel","Sci-Fi","4","13","66.87","2005-08-23 22:20:40","3.00"
"Chariots Conspiracy","Sci-Fi","5","19","65.81","2005-08-22 06:17:12","5.00"
"Chasing Fight","Family","6","19","105.82","2006-02-14 15:16:03","7.00"
"Cheaper Clyde","Sci-Fi","5","17","30.83","2005-08-22 20:17:49","6.00"
"Chicago North","Games","5","15","84.85","2005-08-21 22:12:45","6.00"
"Chicken Hellfighters","Documentary","5","19","58.81","2005-08-23 22:06:34","3.00"
"Chill Luck","Drama","7","21","29.79","2005-08-23 21:27:11","6.00"
"Chisum Behavior","Family","3","10","50.90","2005-08-20 08:57:28","5.00"
"Chitty Lock","Drama","3","8","28.92","2006-02-14 15:16:03","6.00"
"Chocolat Harry","Family","6","19","49.81","2005-08-20 09:07:39","5.00"
"Christmas Moonshine","Children","6","19","26.81","2005-08-22 11:56:02","7.00"
"Cider Desire","Documentary","6","17","56.83","2005-08-23 11:16:16","7.00"
"Cincinatti Whisperer","Sci-Fi","4","11","71.89","2006-02-14 15:16:03","5.00"
"Circus Youth","Children","4","14","53.86","2005-08-23 12:41:07","5.00"
"Citizen Shrek","Sci-Fi","4","13","21.87","2005-08-23 09:09:18","7.00"
"Clash Freddy","Animation","7","23","77.77","2005-08-23 18:49:32","6.00"
"Cleopatra Devil","New","5","16","27.85","2006-02-14 15:16:03","6.00"
"Clerks Angels","Documentary","2","6","45.94","2005-08-21 04:49:48","3.00"
"Clockwork Paradise","Children","3","10","11.90","2005-08-23 05:26:30","7.00"
"Clones Pinocchio","Music","5","17","59.83","2005-08-22 05:53:52","6.00"
"Closer Bang","Comedy","7","24","152.76","2005-08-22 21:28:59","5.00"
"Club Graffiti","Animation","5","17","38.82","2006-02-14 15:16:03","4.00"
"Clue Grail","Music","2","7","40.93","2005-08-18 22:11:37","6.00"
"Clueless Bucket","Action","7","23","105.77","2005-08-23 10:25:45","4.00"
"Clyde Theory","New","3","8","23.92","2005-08-23 17:49:26","4.00"
"Coast Rainbow","Documentary","5","18","37.82","2005-08-23 10:00:24","4.00"
"Coldblooded Darling","Sci-Fi","5","16","89.84","2005-08-23 05:39:06","7.00"
"Color Philadelphia","Classics","6","22","87.78","2005-08-23 22:06:15","6.00"
"Coma Head","Travel","7","23","122.77","2005-08-23 02:06:41","6.00"
"Comancheros Enemy","Children","2","6","9.94","2005-08-23 22:25:26","5.00"
"Comforts Rush","Travel","4","15","69.85","2005-08-19 16:50:50","3.00"
"Command Darling","Foreign","6","16","107.84","2005-08-22 02:57:04","5.00"
"Coneheads Smoochy","Drama","7","24","131.76","2005-08-23 16:57:43","7.00"
"Confessions Maguire","Drama","5","13","70.87","2005-08-22 15:21:56","7.00"
"Confidential Interview","Music","8","24","136.76","2005-08-23 15:22:15","6.00"
"Confused Candles","Family","5","16","99.84","2005-08-20 16:17:27","3.00"
"Congeniality Quest","Sports","6","19","31.81","2005-08-22 23:54:14","6.00"
"Connecticut Tramp","Sci-Fi","3","11","75.89","2005-08-22 06:23:54","4.00"
"Connection Microcosmos","Comedy","2","5","8.95","2006-02-14 15:16:03","6.00"
"Conquerer Nuts","Drama","4","13","84.87","2005-08-22 21:29:14","4.00"
"Conspiracy Spirit","Classics","2","5","16.95","2005-08-18 12:58:40","4.00"
"Contact Anonymous","Travel","7","24","78.76","2005-08-21 23:08:33","7.00"
"Control Anthem","Comedy","2","6","31.94","2005-08-22 17:47:40","7.00"
"Conversation Downhill","Family","6","17","114.83","2006-02-14 15:16:03","4.00"
"Core Suit","Classics","5","16","92.84","2005-08-23 04:20:16","3.00"
"Cowboy Doom","Foreign","2","7","28.93","2005-08-22 22:28:36","3.00"
"Craft Outfield","Drama","4","14","18.86","2005-08-21 10:19:25","6.00"
"Cranes Reservoir","Sports","3","9","33.91","2005-08-22 12:01:06","5.00"
"Crazy Home","Comedy","3","9","26.91","2005-08-22 13:20:28","7.00"
"Creatures Shakespeare","Games","6","16","56.84","2006-02-14 15:16:03","3.00"
"Creepers Kane","Classics","4","13","77.87","2005-08-23 01:15:07","5.00"
"Crooked Frogmen","Children","6","21","38.79","2006-02-14 15:16:03","6.00"
"Crossroads Casualties","Animation","8","20","74.80","2005-08-23 12:47:05","5.00"
"Crow Grease","Action","4","11","14.89","2005-08-23 07:31:10","6.00"
"Cruelty Unforgiven","Classics","2","6","6.94","2005-08-23 02:39:37","7.00"
"Crusade Honey","Sports","2","7","44.93","2005-08-23 13:01:43","4.00"
"Cupboard Sinners","Documentary","8","22","103.78","2005-08-22 09:37:54","4.00"
"Curtain Videotape","Games","8","24","34.77","2006-02-14 15:16:03","7.00"
"Cyclone Family","Foreign","4","14","43.87","2006-02-14 15:16:03","7.00"
"Daddy Pittsburgh","Comedy","3","11","63.89","2005-08-22 01:17:16","5.00"
"Daisy Menagerie","Sci-Fi","4","14","85.86","2005-08-22 18:21:04","5.00"
"Dalmations Sweden","Drama","6","18","54.82","2005-08-21 23:09:32","4.00"
"Dances None","Action","4","13","28.87","2006-02-14 15:16:03","3.00"
"Dancing Fever","Documentary","8","24","49.76","2005-08-22 11:11:51","6.00"
"Dangerous Uptown","Foreign","4","12","66.88","2005-08-23 10:32:52","7.00"
"Dares Pluto","Animation","3","8","26.92","2005-08-18 08:07:45","7.00"
"Darkness War","Drama","4","12","45.88","2005-08-22 00:40:49","6.00"
"Darko Dorado","Action","3","10","72.90","2005-08-23 11:32:35","3.00"
"Darling Breaking","Games","2","8","44.92","2005-08-21 19:14:48","7.00"
"Darn Forrester","Action","5","17","87.83","2005-08-23 21:54:02","7.00"
"Date Speed","Family","4","12","41.88","2005-08-21 16:32:32","4.00"
"Daughter Madigan","Children","4","9","69.91","2005-08-23 00:46:52","3.00"
"Dawn Pond","Games","6","17","120.83","2005-08-23 14:23:44","4.00"
"Day Unfaithful","New","5","12","93.88","2006-02-14 15:16:03","3.00"
"Deceiver Betrayed","Drama","7","20","24.80","2005-08-22 17:53:06","7.00"
"Deep Crusade","Documentary","4","13","75.87","2006-02-14 15:16:03","6.00"
"Deer Virginian","Music","8","25","78.76","2006-02-14 15:16:03","7.00"
"Desert Poseidon","Horror","6","19","118.81","2005-08-23 18:40:41","4.00"
"Desire Alien","Animation","2","8","25.92","2005-08-22 16:22:53","7.00"
"Desperate Trainspotting","Travel","2","6","31.94","2005-08-22 00:34:17","7.00"
"Destination Jerk","Drama","3","8","31.92","2005-08-21 17:08:33","3.00"
"Destiny Saturday","New","5","15","91.85","2005-08-21 02:56:52","4.00"
"Details Packer","Games","5","18","128.82","2006-02-14 15:16:03","4.00"
"Detective Vision","Classics","7","24","62.76","2006-02-14 15:16:03","4.00"
"Devil Desire","Action","4","14","78.86","2006-02-14 15:16:03","6.00"
"Diary Panic","Drama","2","8","24.92","2005-08-20 21:23:54","7.00"
"Dinosaur Secretary","Family","8","19","67.81","2005-08-23 20:07:10","7.00"
"Dirty Ace","Games","5","13","47.87","2005-08-21 18:35:44","7.00"
"Disciple Mother","Travel","6","18","39.82","2006-02-14 15:16:03","3.00"
"Disturbing Scarface","Sci-Fi","7","23","77.77","2005-08-22 14:26:01","6.00"
"Divide Monster","Sci-Fi","6","20","61.80","2005-08-20 14:23:16","6.00"
"Divine Resurrection","Games","4","15","64.85","2006-02-14 15:16:03","4.00"
"Divorce Shining","Sports","2","5","21.95","2005-08-22 10:13:09","3.00"
"Doctor Grail","Children","2","5","23.95","2005-08-20 19:04:40","4.00"
"Dogma Family","Animation","8","28","168.72","2005-08-23 05:24:29","5.00"
"Dolls Rage","Sci-Fi","3","8","27.92","2005-08-22 01:00:42","7.00"
"Donnie Alley","Animation","4","13","34.87","2005-08-22 16:08:23","4.00"
"Doom Dancing","Comedy","5","17","58.83","2005-08-22 19:08:49","4.00"
"Doors President","Animation","6","18","118.82","2006-02-14 15:16:03","3.00"
"Dorado Notting","Music","7","22","140.78","2005-08-23 18:48:40","5.00"
"Double Wrath","Animation","7","21","56.79","2005-08-23 00:56:01","4.00"
"Doubtfire Labyrinth","Foreign","3","9","52.91","2005-08-21 00:44:34","5.00"
"Downhill Enough","Comedy","7","21","72.79","2005-08-23 18:08:59","3.00"
"Dozen Lion","Documentary","2","6","31.94","2005-08-22 23:54:36","6.00"
"Dracula Crystal","Classics","6","19","22.81","2005-08-23 20:29:56","7.00"
"Dragon Squad","Action","4","11","27.89","2005-08-23 18:28:09","4.00"
"Dragonfly Strangers","New","5","14","80.86","2006-02-14 15:16:03","6.00"
"Dream Pickup","Action","6","20","73.80","2005-08-22 02:20:44","6.00"
"Drifter Commandments","Action","6","22","131.78","2006-02-14 15:16:03","5.00"
"Driver Annie","Sports","5","16","62.84","2006-02-14 15:16:03","4.00"
"Driving Polish","Music","6","19","105.81","2005-08-22 20:22:40","6.00"
"Drop Waterfront","Sports","3","8","43.92","2005-08-22 10:39:51","6.00"
"Drumline Cyclone","Travel","3","10","36.90","2005-08-21 07:56:39","3.00"
"Drums Dynamite","Horror","4","13","24.87","2005-08-22 23:51:23","6.00"
"Duck Racer","Animation","2","5","20.95","2005-08-23 07:50:46","4.00"
"Dude Blindness","Sports","4","13","90.87","2005-08-23 07:10:22","3.00"
"Duffel Apocalypse","Documentary","2","6","5.94","2005-08-21 00:21:29","5.00"
"Dumbo Lust","Family","2","6","13.94","2005-08-23 05:55:22","5.00"
"Durham Panky","Sports","7","24","132.76","2005-08-22 01:12:44","6.00"
"Dwarfs Alter","Games","2","8","28.92","2006-02-14 15:16:03","6.00"
"Dying Maker","Comedy","4","15","83.85","2005-08-21 16:52:03","5.00"
"Dynamite Tarzan","Classics","8","23","60.77","2005-08-23 19:06:04","4.00"
"Eagles Panky","New","6","19","134.81","2006-02-14 15:16:03","4.00"
"Early Home","Animation","2","6","36.94","2005-08-21 17:57:26","6.00"
"Earring Instinct","Family","6","17","60.83","2005-08-23 13:56:40","3.00"
"Earth Vision","New","7","23","34.77","2006-02-14 15:16:03","7.00"
"Easy Gladiator","Action","5","20","132.80","2005-08-21 09:06:29","5.00"
"Edge Kissing","Drama","4","13","79.87","2005-08-23 20:41:09","5.00"
"Effect Gladiator","Family","7","21","40.79","2006-02-14 15:16:03","6.00"
"Egg Igby","Documentary","7","19","98.81","2005-08-22 07:19:05","4.00"
"Egypt Tenenbaums","Horror","5","16","66.84","2005-08-22 18:39:11","3.00"
"Element Freddy","Comedy","4","10","56.90","2005-08-23 13:06:19","6.00"
"Elephant Trojan","Horror","3","10","64.90","2005-08-22 16:15:33","4.00"
"Elf Murder","Music","2","6","34.94","2005-08-21 08:08:43","4.00"
"Elizabeth Shane","Sports","2","7","36.93","2005-08-21 14:51:52","7.00"
"Empire Malkovich","Children","6","19","26.81","2005-08-20 19:03:25","7.00"
"Encino Elf","Games","6","19","27.81","2006-02-14 15:16:03","6.00"
"Encounters Curtain","Drama","6","18","38.82","2005-08-23 13:25:08","5.00"
"Ending Crowds","New","3","10","17.90","2005-08-21 19:09:40","6.00"
"Enemy Odds","Music","7","25","159.75","2005-08-21 10:10:01","5.00"
"English Bulworth","Sci-Fi","7","26","99.74","2005-08-23 18:43:11","3.00"
"Enough Raging","Travel","5","16","51.84","2006-02-14 15:16:03","7.00"
"Entrapment Satisfaction","Action","4","13","42.87","2005-08-23 09:02:03","5.00"
"Escape Metropolis","Travel","6","23","74.77","2005-08-23 12:47:16","7.00"
"Eve Resurrection","New","2","7","40.93","2005-08-18 19:36:05","5.00"
"Everyone Craft","Foreign","3","11","22.89","2005-08-23 22:24:39","4.00"
"Evolution Alter","Sports","4","12","26.88","2005-08-20 20:07:15","5.00"
"Excitement Eve","Action","6","20","61.80","2005-08-22 15:52:57","3.00"
"Exorcist Sting","Sports","5","12","49.88","2005-08-21 09:49:28","6.00"
"Expecations Natural","Travel","5","17","101.83","2005-08-22 09:33:08","5.00"
"Expendable Stallion","Documentary","8","26","94.74","2005-08-23 12:47:37","3.00"
"Express Lonely","Sci-Fi","4","12","42.88","2005-08-23 16:22:20","5.00"
"Extraordinary Conquerer","Classics","2","6","22.94","2005-08-23 07:28:04","6.00"
"Eyes Driving","Sci-Fi","5","16","68.84","2005-08-21 22:21:49","4.00"
"Factory Dragon","Travel","4","15","30.85","2005-08-19 20:55:23","4.00"
"Falcon Volume","Animation","6","18","106.81","2006-02-14 15:16:03","5.00"
"Family Sweet","Horror","8","26","60.73","2006-02-14 15:16:03","4.00"
"Fantasia Park","Games","6","19","73.81","2005-08-23 22:12:44","5.00"
"Fantasy Troopers","Action","6","21","35.79","2005-08-22 12:16:46","6.00"
"Fargo Gandhi","Children","6","21","94.79","2005-08-22 06:29:34","3.00"
"Fatal Haunted","New","7","23","92.77","2005-08-22 23:55:51","6.00"
"Feathers Metal","Games","3","9","31.91","2005-08-21 17:33:18","3.00"
"Fellowship Autumn","Travel","6","24","137.76","2005-08-22 13:39:20","6.00"
"Ferris Mother","Comedy","4","15","70.85","2005-08-22 21:39:45","3.00"
"Feud Frogmen","Family","6","20","31.80","2005-08-22 16:11:32","6.00"
"Fever Empire","Games","2","5","33.95","2005-08-18 15:32:57","5.00"
"Fiction Christmas","Foreign","7","19","58.81","2005-08-23 13:18:16","4.00"
"Fiddler Lost","Sci-Fi","3","10","64.90","2005-08-23 14:12:22","4.00"
"Fidelity Devil","Horror","6","18","117.82","2005-08-23 06:41:07","5.00"
"Fight Jawbreaker","Animation","6","20","53.80","2006-02-14 15:16:03","3.00"
"Finding Anaconda","Family","3","10","26.90","2005-08-21 16:56:39","4.00"
"Fire Wolves","Games","2","7","39.93","2005-08-20 19:19:30","5.00"
"Fireball Philadelphia","Comedy","7","19","57.81","2005-08-22 19:41:37","4.00"
"Fish Opus","Sci-Fi","7","22","94.78","2005-08-23 17:57:35","4.00"
"Flamingos Connecticut","New","7","22","134.78","2005-08-22 19:28:04","4.00"
"Flash Wars","New","4","12","87.88","2005-08-23 15:21:35","3.00"
"Flatliners Killer","Sports","6","19","74.81","2005-08-22 16:30:43","5.00"
"Flight Lies","Sports","4","12","68.88","2005-08-21 02:14:03","7.00"
"Flintstones Happiness","Comedy","5","17","134.83","2005-08-22 23:08:46","3.00"
"Flying Hook","Animation","6","19","77.81","2006-02-14 15:16:03","6.00"
"Fool Mockingbird","Action","6","21","162.79","2005-08-22 07:37:24","3.00"
"Forever Candidate","Children","4","12","40.88","2005-08-23 19:35:42","7.00"
"Forrest Sons","Action","6","17","83.83","2005-08-23 15:47:02","4.00"
"Forrester Comancheros","Animation","7","26","141.74","2006-02-14 15:16:03","7.00"
"Forward Temple","Games","8","26","102.74","2005-08-23 12:29:24","6.00"
"Freaky Pocus","Music","4","14","43.86","2005-08-22 18:57:39","7.00"
"Freddy Storm","Horror","6","21","115.79","2005-08-23 00:30:26","6.00"
"Freedom Cleopatra","Comedy","2","5","5.95","2005-08-21 12:48:08","5.00"
"French Holiday","Documentary","5","16","94.84","2005-08-22 09:54:54","5.00"
"Frida Slipper","Foreign","4","11","40.90","2006-02-14 15:16:03","6.00"
"Frisco Forrest","Sci-Fi","3","9","53.91","2006-02-14 15:16:03","6.00"
"Frogmen Breaking","Travel","3","10","16.90","2005-08-19 15:25:48","5.00"
"Frontier Cabin","New","2","6","35.94","2005-08-21 05:51:28","6.00"
"Frost Head","Classics","8","28","74.72","2006-02-14 15:16:03","5.00"
"Fugitive Maguire","Travel","4","11","56.89","2005-08-23 13:33:46","7.00"
"Full Flatliners","Children","2","5","16.95","2005-08-21 13:32:38","6.00"
"Fury Murder","Children","5","17","58.83","2005-08-22 06:05:38","3.00"
"Gables Metropolis","Family","5","17","47.83","2006-02-14 15:16:03","3.00"
"Galaxy Sweethearts","Classics","6","16","105.84","2005-08-22 23:17:41","4.00"
"Games Bowfinger","Travel","4","12","62.88","2005-08-23 02:33:27","7.00"
"Gandhi Kwai","Family","4","13","16.87","2005-08-22 05:07:17","7.00"
"Gangs Pride","Animation","7","22","95.78","2005-08-23 16:34:31","4.00"
"Garden Island","Sci-Fi","8","18","134.82","2005-08-23 10:23:28","3.00"
"Gaslight Crusade","Horror","6","16","62.84","2005-08-23 18:45:06","4.00"
"Gathering Calendar","Games","4","10","19.90","2005-08-22 01:09:04","4.00"
"Gentlemen Stage","Foreign","6","20","70.80","2005-08-22 01:17:18","6.00"
"Ghost Groundhog","Children","5","19","107.81","2006-02-14 15:16:03","6.00"
"Ghostbusters Elf","Animation","2","7","8.93","2005-08-23 13:24:57","7.00"
"Giant Troopers","Children","8","26","100.74","2005-08-22 16:57:02","5.00"
"Gilbert Pelican","Classics","4","9","17.91","2005-08-23 20:28:44","7.00"
"Gilmore Boiled","Classics","8","24","52.76","2005-08-22 17:18:32","5.00"
"Glass Dying","Action","4","12","35.88","2005-08-23 15:58:05","4.00"
"Gleaming Jawbreaker","Sports","8","27","125.72","2006-02-14 15:16:03","5.00"
"Glory Tracy","Games","2","5","14.95","2005-08-23 04:33:39","7.00"
"Go Purple","Music","6","17","43.83","2005-08-23 14:38:37","3.00"
"Godfather Diary","New","3","8","37.92","2005-08-22 11:19:22","3.00"
"Gold River","Comedy","4","14","94.86","2005-08-22 19:44:59","4.00"
"Goldfinger Sensibility","Drama","7","21","67.79","2005-08-22 00:46:54","3.00"
"Goldmine Tycoon","Sci-Fi","7","24","43.76","2005-08-22 12:47:45","6.00"
"Gone Trouble","Drama","2","8","29.92","2005-08-22 19:16:04","7.00"
"Goodfellas Salute","Sci-Fi","8","25","164.75","2005-08-23 18:08:19","4.00"
"Gorgeous Bingo","Children","5","17","94.83","2006-02-14 15:16:03","4.00"
"Gosford Donnie","Action","3","8","48.92","2005-08-22 07:35:31","5.00"
"Graceland Dynamite","Sports","2","6","37.94","2005-08-17 07:46:54","5.00"
"Graduate Lord","Children","5","13","42.87","2005-08-22 06:30:10","7.00"
"Graffiti Love","Sci-Fi","7","26","67.74","2005-08-23 15:03:58","3.00"
"Grail Frankenstein","Action","2","8","40.92","2006-02-14 15:16:03","4.00"
"Grapes Fury","Foreign","7","22","56.77","2006-02-14 15:16:03","4.00"
"Grease Youth","Family","6","20","27.80","2005-08-23 15:15:19","7.00"
"Greatest North","Music","8","27","103.73","2005-08-23 16:32:10","5.00"
"Greedy Roots","Drama","4","13","14.87","2005-08-23 18:01:31","7.00"
"Greek Everyone","Foreign","5","17","55.83","2005-08-19 23:38:02","7.00"
"Grinch Massage","Games","5","14","76.86","2005-08-22 14:41:05","7.00"
"Grit Clockwork","Games","8","28","97.72","2005-08-23 13:46:27","3.00"
"Groove Fiction","Sports","5","17","40.83","2005-08-21 12:47:53","6.00"
"Grosse Wonderful","Music","3","8","46.92","2005-08-21 13:54:15","5.00"
"Groundhog Uncut","Comedy","5","14","78.86","2006-02-14 15:16:03","6.00"
"Gun Bonnie","Games","6","21","30.79","2005-08-22 19:02:48","7.00"
"Gunfight Moon","Comedy","6","21","46.79","2006-02-14 15:16:03","5.00"
"Gunfighter Mussolini","Sports","4","11","64.89","2005-08-23 03:30:45","3.00"
"Guys Falcon","Sci-Fi","3","8","52.92","2005-08-22 04:31:50","4.00"
"Half Outfield","Family","7","22","73.79","2006-02-14 15:16:03","6.00"
"Hall Cassidy","Children","6","16","98.84","2005-08-23 19:51:30","5.00"
"Halloween Nuts","Documentary","2","8","29.92","2005-08-23 06:50:27","6.00"
"Hamlet Wisdom","Sci-Fi","4","12","39.88","2005-08-20 10:31:01","7.00"
"Handicap Boondock","Action","6","24","50.76","2005-08-22 18:04:22","4.00"
"Hanging Deep","Drama","4","15","92.85","2005-08-20 23:42:31","5.00"
"Hanky October","Sci-Fi","7","23","104.77","2005-08-23 18:23:30","5.00"
"Hanover Galaxy","Music","4","14","81.86","2005-08-20 18:42:40","5.00"
"Happiness United","Foreign","2","6","22.94","2006-02-14 15:16:03","6.00"
"Hardly Robbers","Documentary","2","4","15.96","2005-08-22 20:44:06","7.00"
"Harold French","Drama","2","7","8.93","2005-08-21 22:27:11","6.00"
"Harper Dying","Animation","6","20","77.80","2005-08-23 21:59:26","3.00"
"Harry Idaho","Drama","8","27","177.73","2006-02-14 15:16:03","5.00"
"Haunted Antitrust","Travel","2","6","31.94","2006-02-14 15:16:03","6.00"
"Haunting Pianist","Games","6","20","47.80","2005-08-23 16:15:45","5.00"
"Hawk Chill","Documentary","2","6","12.94","2005-08-20 20:42:12","5.00"
"Head Stranger","Games","7","21","142.79","2005-08-23 04:51:52","4.00"
"Heartbreakers Bright","Children","7","20","132.80","2005-08-23 18:54:32","3.00"
"Heaven Freedom","Comedy","5","15","49.85","2005-08-23 14:42:07","7.00"
"Heavenly Gun","Music","2","6","32.94","2005-08-19 09:48:52","5.00"
"Heavyweights Beast","Documentary","8","22","123.78","2005-08-23 03:54:39","6.00"
"Hedwig Alter","Comedy","3","10","31.90","2005-08-23 08:42:40","7.00"
"Hellfighters Sierra","Foreign","6","19","92.81","2005-08-23 15:34:49","3.00"
"High Encino","Horror","6","21","117.79","2005-08-22 16:55:26","3.00"
"Highball Potter","Foreign","6","19","27.81","2005-08-23 02:48:24","6.00"
"Hills Neighbors","Action","6","21","58.79","2005-08-23 04:17:56","5.00"
"Hobbit Alien","Drama","8","26","68.74","2005-08-22 13:06:26","5.00"
"Holes Brannigan","Sports","5","15","75.86","2006-02-14 15:16:03","7.00"
"Holiday Games","Foreign","4","15","82.85","2005-08-23 01:29:59","7.00"
"Hollow Jeopardy","Sci-Fi","2","8","39.92","2005-08-22 11:49:16","7.00"
"Hollywood Anonymous","Children","4","13","13.87","2005-08-21 01:10:29","7.00"
"Holocaust Highball","Children","5","16","23.84","2005-08-22 21:36:51","6.00"
"Holy Tadpole","Classics","2","8","17.92","2005-08-20 08:27:01","6.00"
"Home Pity","Music","3","12","66.88","2005-08-21 09:39:50","7.00"
"Homeward Cider","Documentary","4","16","23.84","2005-08-21 13:07:24","5.00"
"Homicide Peach","Family","6","18","59.82","2005-08-23 09:02:04","6.00"
"Honey Ties","Sports","6","16","59.84","2005-08-23 02:45:21","3.00"
"Hook Chariots","Animation","4","13","17.87","2005-08-23 10:35:51","7.00"
"Hoosiers Birdcage","Foreign","3","8","41.92","2005-08-18 00:14:03","3.00"
"Hope Tootsie","Classics","5","17","72.83","2005-08-22 11:43:04","4.00"
"Horn Working","Animation","6","23","109.77","2005-08-23 10:04:36","4.00"
"Horror Reign","Travel","8","25","77.75","2005-08-23 13:10:16","3.00"
"Hotel Happiness","Foreign","2","8","41.92","2005-08-22 19:23:58","6.00"
"Hours Rage","New","6","18","44.82","2005-08-22 16:49:02","4.00"
"House Dynamite","Family","6","20","65.80","2005-08-23 20:16:27","7.00"
"Human Graffiti","Games","5","15","80.85","2005-08-22 17:46:41","3.00"
"Hunchback Impossible","Drama","6","17","115.83","2006-02-14 15:16:03","4.00"
"Hunger Roof","Foreign","4","12","19.88","2006-02-14 15:16:03","6.00"
"Hunter Alter","Documentary","2","5","24.95","2005-08-23 16:44:31","5.00"
"Hunting Musketeers","Family","3","12","40.88","2005-08-23 16:18:25","6.00"
"Hurricane Affair","Comedy","7","23","82.77","2005-08-21 09:04:20","6.00"
"Hustler Party","Comedy","8","22","190.78","2005-08-23 09:42:21","3.00"
"Hyde Doctor","Classics","6","23","95.76","2006-02-14 15:16:03","5.00"
"Hysterical Grail","Sports","4","15","87.85","2005-08-21 07:29:05","5.00"
"Ice Crossing","Games","7","22","90.78","2005-08-23 02:08:40","5.00"
"Idaho Love","New","5","15","68.85","2005-08-20 08:27:27","3.00"
"Identity Lover","Sci-Fi","4","12","56.88","2005-08-21 13:55:39","4.00"
"Idols Snatchers","Children","7","24","88.76","2005-08-23 20:27:34","5.00"
"Igby Maker","Travel","5","17","89.83","2006-02-14 15:16:03","7.00"
"Illusion Amelie","Foreign","4","13","34.87","2005-08-23 22:42:48","4.00"
"Image Princess","Sports","5","14","76.86","2005-08-23 17:57:28","3.00"
"Impact Aladdin","Music","2","8","18.92","2005-08-18 03:37:31","6.00"
"Impossible Prejudice","Foreign","4","14","74.86","2005-08-22 15:57:38","7.00"
"Inch Jet","Animation","6","18","95.82","2005-08-23 09:53:30","6.00"
"Independence Hotel","Documentary","6","18","34.82","2005-08-22 17:48:10","5.00"
"Indian Love","Family","6","15","46.85","2005-08-23 16:50:43","4.00"
"Informer Double","Foreign","2","5","27.95","2005-08-22 16:26:53","4.00"
"Innocent Usual","Foreign","8","26","191.74","2005-08-22 15:22:15","3.00"
"Insects Stone","Animation","6","18","36.81","2006-02-14 15:16:03","3.00"
"Insider Arizona","Music","5","17","61.83","2006-02-14 15:16:03","5.00"
"Instinct Airport","Sports","5","17","69.83","2005-08-23 15:41:12","4.00"
"Intentions Empire","Animation","7","17","78.83","2006-02-14 15:16:03","3.00"
"Interview Liaisons","New","5","18","110.82","2005-08-22 03:42:12","4.00"
"Intolerable Intentions","Documentary","2","7","39.93","2005-08-19 03:38:32","6.00"
"Intrigue Worst","Foreign","7","19","36.81","2006-02-14 15:16:03","6.00"
"Invasion Cyclone","Children","8","26","100.74","2005-08-23 17:00:12","5.00"
"Iron Moon","Classics","3","10","50.90","2005-08-23 14:05:37","7.00"
"Ishtar Rocketeer","Animation","2","6","42.94","2005-08-22 18:03:11","4.00"
"Island Exorcist","Classics","7","23","76.77","2005-08-23 11:28:49","7.00"
"Italian African","Travel","2","6","38.94","2005-08-23 16:19:14","3.00"
"Jacket Frisco","Drama","5","16","71.84","2005-08-21 07:09:27","5.00"
"Jade Bunch","Sports","4","15","53.85","2005-08-23 15:30:48","6.00"
"Japanese Run","Horror","2","6","7.94","2005-08-23 14:43:15","6.00"
"Jason Trap","Family","7","23","97.77","2006-02-14 15:16:03","5.00"
"Jawbreaker Brooklyn","Music","3","9","10.91","2005-08-21 19:05:23","5.00"
"Jaws Harry","Comedy","5","13","59.87","2005-08-21 12:07:25","4.00"
"Jedi Beneath","Family","5","18","20.82","2005-08-21 14:52:14","7.00"
"Jeepers Wedding","Classics","4","13","70.87","2005-08-23 03:13:01","3.00"
"Jekyll Frogmen","New","6","16","78.84","2005-08-23 20:53:20","4.00"
"Jeopardy Encino","Classics","3","10","28.90","2005-08-20 12:59:38","3.00"
"Jericho Mulan","Games","5","16","95.84","2005-08-23 18:20:56","3.00"
"Jerk Paycheck","Classics","7","19","104.81","2005-08-23 12:26:19","3.00"
"Jersey Sassy","Children","3","6","39.94","2005-08-18 23:21:50","6.00"
"Jet Neighbors","Foreign","6","17","92.83","2005-08-23 19:19:06","7.00"
"Jingle Sagebrush","Classics","3","11","59.89","2005-08-23 00:37:21","6.00"
"Joon Northwest","Sports","5","16","37.84","2005-08-23 16:45:28","3.00"
"Juggler Hardly","Animation","8","29","86.71","2006-02-14 15:16:03","4.00"
"Jumanji Blade","New","2","8","30.92","2005-08-19 13:56:54","4.00"
"Jumping Wrath","Children","6","21","67.79","2005-08-23 17:09:31","4.00"
"Jungle Closer","New","2","12","23.88","2005-08-19 04:27:05","6.00"
"Kane Exorcist","Foreign","3","12","13.88","2005-08-21 02:04:33","5.00"
"Karate Moon","Horror","6","20","51.80","2005-08-23 15:46:33","4.00"
"Kick Savannah","Travel","5","17","48.83","2006-02-14 15:16:03","3.00"
"Killer Innocent","Family","2","6","21.94","2005-08-19 23:37:52","7.00"
"King Evolution","Family","2","8","59.92","2005-08-21 11:36:15","3.00"
"Kiss Glory","Foreign","8","21","126.79","2005-08-22 06:39:24","5.00"
"Kissing Dolls","Action","5","17","120.83","2005-08-23 16:33:33","3.00"
"Knock Warlock","Comedy","7","21","99.79","2005-08-22 10:14:33","4.00"
"Kramer Chocolate","Sports","3","9","47.91","2005-08-22 11:58:58","3.00"
"Kwai Homeward","Drama","6","20","42.80","2005-08-22 19:44:00","5.00"
"Labyrinth League","Children","4","13","41.87","2005-08-22 21:41:40","6.00"
"Lady Stage","Horror","6","16","113.84","2006-02-14 15:16:03","4.00"
"Ladybugs Armageddon","Games","2","6","17.94","2005-08-22 04:15:48","4.00"
"Lambs Cincinatti","Games","3","10","57.90","2005-08-22 15:53:32","6.00"
"Language Cowboy","Children","3","10","18.90","2005-08-19 07:36:42","5.00"
"Lawless Vision","Animation","4","15","76.86","2006-02-14 15:16:03","6.00"
"Lawrence Love","Action","5","13","15.87","2005-08-23 21:45:02","7.00"
"League Hellfighters","Classics","6","17","105.83","2005-08-21 23:17:26","5.00"
"Leathernecks Dwarfs","Travel","2","6","21.94","2005-08-18 07:16:58","6.00"
"Lebowski Soldiers","Drama","6","18","62.82","2005-08-23 12:15:51","6.00"
"Legally Secretary","Children","2","8","39.92","2005-08-22 15:25:33","7.00"
"Legend Jedi","Music","3","8","12.92","2005-08-21 19:12:47","7.00"
"Lesson Cleopatra","Sports","2","6","22.94","2005-08-23 03:58:02","3.00"
"Liaisons Sweet","Travel","6","21","126.79","2005-08-22 13:04:32","5.00"
"Liberty Magnificent","Sports","4","11","67.89","2005-08-23 06:03:31","3.00"
"License Weekend","Sci-Fi","2","6","17.94","2005-08-20 05:10:39","7.00"
"Lies Treatment","Drama","7","24","131.76","2005-08-20 23:07:10","7.00"
"Life Twisted","Comedy","2","8","37.92","2005-08-23 13:16:15","4.00"
"Lights Deer","Classics","2","7","7.93","2005-08-18 13:42:14","7.00"
"Lion Uncut","Comedy","6","17","33.83","2005-08-23 03:32:31","6.00"
"Loathing Legally","Classics","8","26","62.74","2006-02-14 15:16:03","4.00"
"Lock Rear","Travel","4","14","42.86","2005-08-23 03:52:36","7.00"
"Lola Agent","Horror","6","23","154.77","2005-08-22 11:36:16","4.00"
"Lolita World","Family","3","9","45.91","2005-08-23 21:13:39","4.00"
"Lonely Elephant","Comedy","4","13","65.87","2005-08-21 16:44:32","3.00"
"Lord Arizona","Action","3","10","39.90","2006-02-14 15:16:03","5.00"
"Lose Inch","Foreign","8","26","77.74","2005-08-22 09:25:24","3.00"
"Loser Hustler","Sports","4","14","83.86","2005-08-23 01:25:30","5.00"
"Lost Bird","Foreign","3","10","50.90","2005-08-21 06:21:24","4.00"
"Louisiana Harry","Family","5","16","28.84","2005-08-23 08:29:53","5.00"
"Love Suicides","Horror","4","15","22.85","2005-08-23 18:23:11","6.00"
"Lovely Jingle","Classics","5","13","62.87","2006-02-14 15:16:03","3.00"
"Lover Truman","Classics","3","9","54.91","2005-08-21 15:44:23","3.00"
"Loverboy Attacks","New","3","11","16.89","2005-08-21 01:44:14","7.00"
"Luck Opus","Drama","2","7","21.93","2005-08-19 13:09:54","7.00"
"Lucky Flying","Music","3","10","32.90","2005-08-23 07:10:14","7.00"
"Luke Mummy","Animation","2","7","28.93","2005-08-21 18:35:54","5.00"
"Lust Lock","Action","6","15","74.82","2006-02-14 15:16:03","3.00"
"Madigan Dorado","Travel","2","8","48.92","2005-08-23 01:45:07","5.00"
"Madison Trap","Documentary","4","13","64.87","2005-08-22 12:24:55","4.00"
"Madness Attacks","Foreign","6","23","65.77","2005-08-22 17:27:23","4.00"
"Madre Gables","Games","4","13","47.87","2005-08-23 11:15:20","7.00"
"Magic Mallrats","Children","2","7","17.93","2005-08-22 23:38:01","3.00"
"Magnificent Chitty","Classics","2","8","54.92","2005-08-19 19:35:13","3.00"
"Magnolia Forrester","Action","4","11","34.89","2005-08-22 11:14:31","4.00"
"Maguire Apache","Family","3","9","33.91","2005-08-22 12:38:20","6.00"
"Maiden Home","New","6","22","152.78","2005-08-23 06:00:28","3.00"
"Majestic Floats","Documentary","4","15","36.85","2005-08-22 02:04:38","5.00"
"Maker Gables","Children","3","10","32.90","2005-08-23 21:52:56","4.00"
"Malkovich Pet","Classics","7","23","75.77","2005-08-23 14:23:23","6.00"
"Mallrats United","Comedy","7","22","70.78","2005-08-23 21:59:57","4.00"
"Maltese Hope","Games","7","21","118.79","2005-08-23 16:43:54","6.00"
"Manchurian Curtain","Family","5","14","59.86","2005-08-23 21:10:24","5.00"
"Mannequin Worst","New","2","5","23.95","2005-08-22 17:49:35","3.00"
"Married Go","Sci-Fi","8","26","84.74","2005-08-22 19:56:41","7.00"
"Mars Roman","Games","5","17","30.83","2005-08-22 18:53:28","6.00"
"Mask Peach","New","4","14","49.86","2005-08-22 15:56:42","6.00"
"Masked Bubble","Music","6","19","24.81","2005-08-23 11:30:32","6.00"
"Massacre Usual","Games","7","25","149.75","2005-08-23 17:02:00","6.00"
"Massage Image","Animation","3","11","56.89","2005-08-21 13:53:33","4.00"
"Matrix Snowman","Foreign","2","8","40.92","2005-08-21 09:20:03","6.00"
"Maude Mod","Foreign","2","7","10.93","2005-08-19 12:04:03","6.00"
"Meet Chocolate","Foreign","4","11","56.89","2005-08-23 20:44:10","3.00"
"Memento Zoolander","Comedy","4","13","88.87","2005-08-22 21:01:25","4.00"
"Menagerie Rushmore","Animation","2","6","18.94","2005-08-23 01:38:48","7.00"
"Mermaid Insects","Sports","5","15","94.85","2005-08-22 07:04:25","5.00"
"Metal Armageddon","Documentary","6","21","88.79","2005-08-22 23:58:09","6.00"
"Metropolis Coma","Sci-Fi","8","24","116.76","2005-08-22 13:19:25","4.00"
"Microcosmos Paradise","Children","4","12","43.88","2005-08-23 22:14:31","6.00"
"Midnight Westward","Action","5","16","38.84","2006-02-14 15:16:03","3.00"
"Midsummer Groundhog","Documentary","6","18","129.82","2005-08-21 19:59:30","3.00"
"Mighty Luck","Documentary","3","10","31.90","2005-08-23 08:09:11","7.00"
"Mile Mulan","Sports","3","11","33.89","2005-08-21 13:22:48","4.00"
"Million Ace","Classics","5","17","103.83","2005-08-23 02:05:51","4.00"
"Minds Truman","Action","7","19","144.81","2005-08-22 14:27:46","3.00"
"Mine Titans","New","6","17","138.83","2005-08-23 20:20:23","3.00"
"Minority Kiss","Music","3","12","27.89","2006-02-14 15:16:03","4.00"
"Miracle Virtual","Animation","2","8","41.92","2005-08-18 15:15:44","3.00"
"Mission Zoolander","Animation","5","16","110.84","2005-08-22 04:51:42","3.00"
"Mixed Doors","Foreign","2","4","15.96","2005-08-21 18:34:21","6.00"
"Mob Duffel","Drama","4","10","27.90","2005-08-23 22:50:12","4.00"
"Mockingbird Hollywood","Action","8","22","53.78","2006-02-14 15:16:03","4.00"
"Mod Secretary","Documentary","3","9","48.91","2005-08-21 09:16:40","6.00"
"Model Fish","Children","4","13","76.87","2005-08-21 17:30:17","4.00"
"Modern Dorado","Documentary","4","12","42.88","2005-08-23 14:31:50","3.00"
"Money Harold","New","7","20","111.80","2005-08-22 10:55:45","3.00"
"Monsoon Cause","Games","3","9","54.91","2005-08-19 10:33:52","6.00"
"Monster Spartacus","Music","4","14","48.86","2006-02-14 15:16:03","6.00"
"Monterey Labyrinth","Horror","4","11","19.89","2005-08-22 07:16:45","6.00"
"Montezuma Command","Action","3","9","11.91","2005-08-23 14:35:10","6.00"
"Moon Bunch","Foreign","8","26","35.74","2005-08-22 10:49:06","7.00"
"Moonshine Cabin","Games","6","20","131.80","2005-08-22 19:37:20","4.00"
"Moonwalker Fool","Games","4","11","75.89","2006-02-14 15:16:03","5.00"
"Mosquito Armageddon","Sports","4","11","16.89","2006-02-14 15:16:03","6.00"
"Mother Oleander","Sports","5","13","63.87","2005-08-23 15:59:51","3.00"
"Motions Details","Horror","4","14","25.87","2006-02-14 15:16:03","5.00"
"Moulin Wake","Travel","5","16","51.84","2005-08-22 10:24:32","4.00"
"Mourning Purple","Sci-Fi","5","19","39.81","2005-08-22 19:54:52","5.00"
"Movie Shakespeare","Family","6","23","125.78","2006-02-14 15:16:03","6.00"
"Mulan Moon","Comedy","3","11","30.89","2006-02-14 15:16:03","4.00"
"Mulholland Beast","Foreign","2","7","21.93","2006-02-14 15:16:03","7.00"
"Mummy Creatures","Sports","6","15","55.85","2006-02-14 15:16:03","3.00"
"Murder Antitrust","Children","6","21","78.79","2005-08-23 20:47:12","6.00"
"Muscle Bright","Travel","8","27","86.73","2005-08-23 00:07:53","7.00"
"Music Boondock","Family","5","17","20.83","2005-08-23 16:17:09","7.00"
"Musketeers Wait","Classics","6","15","82.85","2005-08-21 02:23:25","7.00"
"Mussolini Spoilers","Sports","2","5","15.95","2005-08-19 20:53:43","6.00"
"Mystic Truman","Comedy","2","8","17.92","2005-08-23 16:44:56","5.00"
"Name Detective","Games","6","22","131.78","2006-02-14 15:16:03","5.00"
"Nash Chocolat","Animation","4","13","58.87","2005-08-22 06:19:37","6.00"
"National Story","Documentary","6","17","76.83","2005-08-23 11:16:29","4.00"
"Natural Stock","Family","3","12","31.88","2005-08-23 11:02:00","4.00"
"Necklace Outbreak","Drama","4","14","36.86","2005-08-23 09:35:34","3.00"
"Neighbors Charade","Sports","6","17","62.83","2005-08-21 23:40:28","3.00"
"Nemo Campus","Sci-Fi","5","14","59.86","2005-08-23 03:03:40","5.00"
"Network Peak","Family","8","27","116.73","2005-08-23 09:07:11","5.00"
"Newsies Story","Documentary","2","7","22.93","2005-08-23 10:04:17","4.00"
"Newton Labyrinth","Foreign","5","16","46.84","2005-08-22 11:43:42","4.00"
"Nightmare Chill","Games","7","21","148.79","2005-08-23 20:40:31","3.00"
"None Spiking","Sci-Fi","7","25","79.75","2006-02-14 15:16:03","3.00"
"Noon Papi","Children","4","15","60.85","2005-08-20 12:33:36","5.00"
"North Tequila","Documentary","3","9","51.91","2005-08-23 14:06:19","4.00"
"Northwest Polish","Sports","5","18","77.82","2005-08-23 20:12:17","5.00"
"Notorious Reunion","Documentary","4","13","24.87","2005-08-22 10:58:45","7.00"
"Notting Speakeasy","Drama","3","9","12.91","2005-08-22 05:38:32","7.00"
"Novocaine Flight","Sports","5","18","49.82","2005-08-22 23:06:25","4.00"
"Nuts Ties","New","3","9","53.91","2005-08-23 18:43:22","5.00"
"October Submarine","Classics","3","10","57.90","2005-08-23 18:43:31","6.00"
"Odds Boogie","Family","4","13","19.87","2005-08-23 14:01:07","6.00"
"Oklahoma Jumanji","New","2","6","5.94","2005-08-23 03:44:30","7.00"
"Oleander Clue","Music","3","9","24.91","2005-08-22 10:00:04","5.00"
"Open African","Sci-Fi","5","19","103.81","2005-08-23 17:39:35","7.00"
"Operation Operation","Comedy","8","25","80.75","2006-02-14 15:16:03","7.00"
"Opposite Necklace","Family","3","11","56.89","2006-02-14 15:16:03","7.00"
"Opus Ice","Foreign","3","10","60.90","2005-08-22 06:10:53","5.00"
"Orange Grapes","Foreign","7","22","61.78","2005-08-23 20:13:31","4.00"
"Orient Closer","Drama","6","17","80.83","2005-08-23 21:44:27","3.00"
"Oscar Gold","Animation","7","25","83.75","2005-08-23 15:09:17","7.00"
"Others Soup","Travel","6","20","70.80","2005-08-23 13:05:10","7.00"
"Outbreak Divine","Games","5","18","31.82","2005-08-23 10:22:21","6.00"
"Outfield Massacre","Music","6","18","54.82","2006-02-14 15:16:03","4.00"
"Outlaw Hanky","Travel","6","14","73.86","2006-02-14 15:16:03","7.00"
"Oz Liaisons","Animation","6","22","87.78","2005-08-23 04:00:30","4.00"
"Pacific Amistad","Documentary","6","19","43.81","2005-08-23 02:25:09","3.00"
"Packer Madigan","Animation","6","20","58.80","2005-08-23 02:02:53","3.00"
"Pajama Jawbreaker","Classics","4","14","39.86","2005-08-21 23:47:16","3.00"
"Panic Club","Horror","2","7","51.93","2005-08-22 17:32:57","3.00"
"Panky Submarine","Games","4","12","86.88","2005-08-19 09:34:02","4.00"
"Panther Reds","Sci-Fi","6","14","83.86","2005-08-22 17:22:41","5.00"
"Papi Necklace","Travel","2","7","27.93","2005-08-17 17:16:42","3.00"
"Paradise Sabrina","Comedy","6","18","79.82","2005-08-22 02:13:51","5.00"
"Paris Weekend","Horror","4","12","40.88","2005-08-23 07:23:29","7.00"
"Park Citizen","Action","2","6","48.94","2005-08-20 20:26:53","3.00"
"Party Knock","Comedy","4","12","41.88","2005-08-23 17:44:53","7.00"
"Past Suicides","Foreign","4","12","66.88","2005-08-20 21:50:11","5.00"
"Paths Control","Drama","4","10","81.90","2005-08-23 16:18:12","3.00"
"Patient Sister","Classics","5","18","21.82","2005-08-23 19:10:32","7.00"
"Patriot Roman","Action","5","15","52.85","2005-08-22 16:40:21","6.00"
"Patton Interview","Horror","7","21","94.79","2005-08-23 08:52:50","4.00"
"Paycheck Wait","Drama","5","16","101.84","2005-08-23 16:50:53","4.00"
"Peach Innocent","Sports","4","13","80.86","2006-02-14 15:16:03","3.00"
"Peak Forever","Sports","5","18","94.82","2005-08-23 15:08:00","7.00"
"Pelican Comforts","Documentary","7","23","165.77","2005-08-23 21:07:59","4.00"
"Perfect Groove","Comedy","6","16","53.84","2005-08-23 21:37:59","7.00"
"Personal Ladybugs","Music","4","13","43.87","2005-08-22 15:30:25","3.00"
"Pet Haunting","Foreign","3","8","26.92","2005-08-22 08:43:50","3.00"
"Phantom Glory","New","2","6","21.94","2005-08-19 05:11:47","6.00"
"Philadelphia Wife","Sports","6","21","107.80","2006-02-14 15:16:03","7.00"
"Pianist Outfield","New","7","21","38.78","2006-02-14 15:16:03","6.00"
"Pickup Driving","Sports","4","15","93.85","2005-08-20 12:11:28","3.00"
"Pilot Hoosiers","Family","4","14","51.86","2005-08-20 05:50:05","6.00"
"Pinocchio Simon","Comedy","6","18","119.82","2005-08-23 21:30:45","4.00"
"Pirates Roxanne","Sports","6","18","45.81","2006-02-14 15:16:03","4.00"
"Pittsburgh Hunchback","Family","3","11","83.89","2005-08-22 06:37:43","4.00"
"Pity Bound","Drama","8","23","138.77","2005-08-23 21:25:03","5.00"
"Pizza Jumanji","Games","2","6","25.94","2005-08-21 06:20:14","4.00"
"Platoon Instinct","New","2","8","40.92","2005-08-21 10:16:27","6.00"
"Pluto Oleander","New","4","13","73.87","2005-08-21 13:52:54","5.00"
"Pocus Pulp","Documentary","7","25","40.75","2005-08-23 15:21:19","6.00"
"Polish Brooklyn","Children","4","15","18.85","2005-08-23 13:48:34","6.00"
"Pollock Deliverance","Foreign","6","17","66.82","2006-02-14 15:16:03","5.00"
"Pond Seattle","Animation","6","18","61.82","2005-08-22 11:09:18","7.00"
"Poseidon Forever","Sports","5","17","100.83","2005-08-23 20:22:17","6.00"
"Potluck Mixed","Animation","3","10","43.90","2005-08-23 06:48:47","3.00"
"Potter Connecticut","Animation","5","15","62.85","2005-08-22 01:20:19","5.00"
"Prejudice Oleander","Classics","6","19","110.81","2005-08-21 15:59:40","6.00"
"President Bang","Family","2","6","35.94","2005-08-21 08:33:42","6.00"
"Pride Alamo","Animation","5","15","17.85","2006-02-14 15:16:03","6.00"
"Primary Glass","Action","8","27","36.73","2005-08-21 08:58:38","7.00"
"Princess Giant","Documentary","7","24","121.77","2006-02-14 15:16:03","3.00"
"Private Drop","Games","2","5","26.95","2005-08-19 23:48:23","7.00"
"Prix Undefeated","Family","3","10","37.90","2005-08-20 13:26:37","4.00"
"Pulp Beverly","Horror","8","26","121.74","2006-02-14 15:16:03","4.00"
"Punk Divorce","Animation","2","7","41.93","2005-08-20 16:51:18","6.00"
"Pure Runner","Comedy","5","15","89.85","2006-02-14 15:16:03","3.00"
"Purple Movie","Foreign","4","12","52.88","2005-08-23 18:44:21","4.00"
"Queen Luke","Drama","6","21","128.79","2006-02-14 15:16:03","5.00"
"Quest Mussolini","Action","6","20","77.80","2005-08-23 08:19:55","5.00"
"Quills Bull","Documentary","4","13","77.87","2005-08-23 08:51:21","4.00"
"Racer Egg","Drama","6","17","54.83","2005-08-23 17:36:00","7.00"
"Rage Games","Family","6","19","119.81","2005-08-23 21:02:43","4.00"
"Raging Airplane","Sci-Fi","4","12","77.88","2005-08-23 02:51:27","4.00"
"Random Go","Sci-Fi","3","9","31.91","2005-08-20 23:47:54","6.00"
"Range Moonwalker","Family","7","23","158.77","2005-08-23 11:35:12","3.00"
"Reap Unfaithful","Horror","5","16","62.84","2005-08-23 05:32:03","6.00"
"Rear Trading","Action","4","15","27.85","2005-08-22 21:15:46","6.00"
"Rebel Airport","Music","2","7","6.93","2005-08-23 01:59:14","7.00"
"Records Zorro","Sports","2","7","38.93","2005-08-23 21:00:22","7.00"
"Redemption Comforts","New","7","20","113.80","2005-08-23 01:14:01","3.00"
"Reds Pocus","Music","2","8","47.92","2005-08-23 21:04:51","7.00"
"Reef Salute","Horror","4","11","23.89","2005-08-22 16:32:23","5.00"
"Reign Gentlemen","Sci-Fi","7","19","105.81","2005-08-23 13:43:26","3.00"
"Remember Diary","Family","6","17","70.83","2005-08-23 08:54:26","5.00"
"Requiem Tycoon","Classics","6","18","105.82","2005-08-23 09:37:34","6.00"
"Reservoir Adaptation","Foreign","3","9","29.91","2005-08-23 01:57:20","7.00"
"Resurrection Silverado","Family","5","19","24.81","2005-08-22 06:46:59","6.00"
"Reunion Witches","Drama","5","18","50.82","2005-08-23 07:43:00","3.00"
"Rider Caddyshack","Sports","4","11","48.89","2005-08-22 17:00:31","5.00"
"Ridgemont Submarine","New","8","28","110.72","2006-02-14 15:16:03","3.00"
"Right Cranes","Classics","3","10","52.90","2005-08-21 06:39:08","7.00"
"Rings Heartbreakers","Action","4","13","31.87","2005-08-23 02:55:42","5.00"
"River Outlaw","Sports","7","19","56.82","2006-02-14 15:16:03","4.00"
"Road Roxanne","Documentary","6","17","115.83","2005-08-23 14:29:16","4.00"
"Robbers Joon","Children","7","26","85.74","2005-08-22 04:09:18","7.00"
"Robbery Bright","Family","4","12","32.88","2005-08-21 21:27:24","4.00"
"Rock Instinct","Horror","6","17","48.83","2005-08-23 07:54:54","4.00"
"Rocketeer Mother","Foreign","8","28","97.72","2005-08-23 20:10:13","3.00"
"Rocky War","Drama","5","13","88.87","2005-08-22 20:41:53","4.00"
"Rollercoaster Bringing","Horror","3","9","39.91","2005-08-23 21:26:35","5.00"
"Roman Punk","Music","6","21","25.79","2005-08-23 15:59:12","7.00"
"Room Roman","Animation","6","18","27.82","2005-08-22 21:42:17","7.00"
"Roots Remember","Classics","5","14","37.86","2005-08-23 16:27:24","4.00"
"Roses Treasure","Sports","8","23","137.77","2005-08-23 18:15:06","5.00"
"Rouge Squad","Games","5","16","51.84","2005-08-23 11:33:25","3.00"
"Roxanne Rebel","Games","5","17","29.83","2005-08-23 09:01:10","5.00"
"Rugrats Shakespeare","Action","8","28","67.72","2005-08-23 20:47:28","4.00"
"Rules Human","Horror","4","13","78.87","2005-08-22 06:53:21","6.00"
"Run Pacific","New","3","9","42.91","2005-08-22 08:52:53","3.00"
"Runaway Tenenbaums","New","2","7","11.93","2005-08-21 06:18:22","6.00"
"Runner Madigan","Music","3","8","14.92","2005-08-19 11:33:20","6.00"
"Rush Goodfellas","Family","8","28","81.72","2005-08-22 10:29:44","3.00"
"Rushmore Mermaid","Comedy","2","6","18.94","2005-08-22 01:58:15","6.00"
"Sabrina Midnight","Children","7","21","126.79","2005-08-21 20:53:40","5.00"
"Saddle Antitrust","Comedy","3","11","32.89","2005-08-23 19:46:39","7.00"
"Sagebrush Clueless","Documentary","5","14","83.86","2005-08-23 12:43:30","4.00"
"Saints Bride","Drama","3","8","31.92","2005-08-23 19:59:33","5.00"
"Salute Apollo","New","6","20","95.80","2005-08-22 19:09:52","4.00"
"Samurai Lion","New","7","24","101.76","2005-08-23 08:59:12","5.00"
"Santa Paris","Children","3","10","29.90","2005-08-23 20:20:37","7.00"
"Sassy Packer","Games","4","12","14.88","2005-08-22 21:19:24","6.00"
"Satisfaction Confidential","Sports","5","16","122.84","2005-08-22 21:05:50","3.00"
"Saturday Lambs","Sports","8","26","190.74","2005-08-23 19:42:04","3.00"
"Saturn Name","Comedy","4","13","70.87","2005-08-23 18:36:44","7.00"
"Savannah Town","Drama","3","10","22.90","2005-08-22 06:07:52","5.00"
"Scalawag Duck","Music","8","29","157.71","2005-08-23 17:13:01","6.00"
"Scarface Bang","Children","6","16","106.84","2006-02-14 15:16:03","3.00"
"School Jacket","Foreign","2","6","35.94","2005-08-21 09:25:11","5.00"
"Scissorhands Slums","Foreign","3","12","42.88","2005-08-22 05:59:59","5.00"
"Scorpion Apollo","Drama","7","21","158.79","2005-08-23 22:19:33","3.00"
"Sea Virgin","Drama","6","19","84.81","2005-08-23 05:49:21","4.00"
"Seabiscuit Punk","Sports","8","24","86.76","2006-02-14 15:16:03","6.00"
"Searchers Wait","Comedy","4","14","75.86","2005-08-20 21:26:55","3.00"
"Seattle Expecations","Drama","5","19","125.80","2006-02-14 15:16:03","4.00"
"Secret Groundhog","Documentary","5","19","105.81","2005-08-22 20:27:38","6.00"
"Secretary Rouge","Sports","6","18","112.82","2005-08-22 23:19:44","5.00"
"Secrets Paradise","Family","6","18","139.82","2005-08-22 21:01:48","3.00"
"Sense Greek","Sports","2","7","47.93","2005-08-23 17:52:01","4.00"
"Sensibility Rear","Family","3","10","52.90","2005-08-21 14:57:03","7.00"
"Seven Swarm","Games","2","5","30.95","2005-08-23 04:28:25","4.00"
"Shakespeare Saddle","Sports","6","20","76.80","2005-08-22 02:26:33","6.00"
"Shane Darkness","Travel","4","13","52.87","2005-08-22 07:32:23","5.00"
"Shanghai Tycoon","Travel","6","14","43.86","2005-08-21 19:01:36","7.00"
"Shawshank Bubble","Travel","6","19","109.81","2006-02-14 15:16:03","6.00"
"Shepherd Midsummer","Children","7","23","28.77","2005-08-23 19:51:29","7.00"
"Shining Roses","Travel","3","8","22.92","2005-08-23 15:05:59","4.00"
"Ship Wonderland","Documentary","4","14","44.86","2005-08-22 01:35:37","5.00"
"Shock Cabin","Foreign","8","29","96.71","2006-02-14 15:16:03","7.00"
"Shootist Superfly","Drama","7","23","36.77","2005-08-23 05:01:13","6.00"
"Show Lord","Documentary","6","22","145.78","2005-08-23 16:58:12","3.00"
"Shrek License","Foreign","3","12","37.88","2006-02-14 15:16:03","7.00"
"Shrunk Divine","Action","4","13","46.87","2005-08-23 18:51:41","6.00"
"Side Ark","Action","4","12","29.88","2005-08-23 15:01:54","5.00"
"Siege Madre","Family","4","14","16.86","2005-08-23 06:33:26","7.00"
"Sierra Divide","Sports","5","15","57.85","2005-08-23 10:35:45","3.00"
"Silence Kane","Music","5","15","15.85","2005-08-22 20:55:56","7.00"
"Silverado Goldfinger","Sci-Fi","4","12","91.88","2006-02-14 15:16:03","4.00"
"Simon North","Horror","2","6","18.94","2005-08-23 01:22:12","3.00"
"Sinners Atlantis","Horror","6","19","60.81","2005-08-22 14:59:30","7.00"
"Slacker Liaisons","Drama","6","16","86.84","2005-08-23 13:18:46","7.00"
"Sleeping Suspects","Horror","7","22","121.78","2006-02-14 15:16:03","7.00"
"Sleepless Monsoon","Animation","5","17","103.83","2006-02-14 15:16:03","5.00"
"Sleepy Japanese","New","5","18","76.83","2006-02-14 15:16:03","4.00"
"Sleuth Orient","Games","5","19","48.81","2005-08-22 08:21:21","4.00"
"Sling Luke","Classics","2","6","14.94","2005-08-18 20:20:59","5.00"
"Slipper Fidelity","Sports","4","14","24.86","2005-08-20 05:59:05","5.00"
"Slums Duck","Family","7","22","48.78","2005-08-22 13:59:19","5.00"
"Smile Earring","Travel","3","10","58.90","2005-08-19 19:11:41","4.00"
"Smoking Barbarella","Documentary","6","17","17.84","2006-02-14 15:16:03","7.00"
"Smoochy Control","Sports","4","12","14.88","2006-02-14 15:16:03","7.00"
"Snatch Slipper","Comedy","7","20","117.80","2005-08-23 15:34:46","6.00"
"Snatchers Montezuma","Classics","3","9","37.91","2005-08-23 19:13:46","4.00"
"Snowman Rollercoaster","Animation","7","21","65.79","2005-08-23 20:08:26","3.00"
"Soldiers Evolution","Sci-Fi","2","7","36.93","2005-08-20 14:06:33","7.00"
"Something Duck","Drama","5","18","120.82","2005-08-20 17:24:45","4.00"
"Song Hedwig","Music","3","10","31.90","2006-02-14 15:16:03","3.00"
"Sons Interview","Animation","6","14","75.85","2006-02-14 15:16:03","3.00"
"Sorority Queen","Foreign","4","12","19.88","2005-08-21 15:24:24","6.00"
"Soup Wisdom","Family","2","7","11.93","2005-08-20 22:40:47","6.00"
"South Wait","Action","7","21","102.79","2006-02-14 15:16:03","4.00"
"Spartacus Cheaper","Family","4","9","60.91","2005-08-21 08:40:21","4.00"
"Speakeasy Date","Action","3","11","41.89","2005-08-21 17:48:49","6.00"
"Speed Suit","Travel","2","8","44.92","2005-08-20 14:42:34","7.00"
"Spice Sorority","Drama","6","19","106.81","2005-08-23 03:01:56","5.00"
"Spiking Element","Classics","4","12","38.88","2005-08-22 13:03:52","7.00"
"Spinal Rocky","Family","5","13","39.87","2005-08-23 09:38:17","7.00"
"Spirit Flintstones","Horror","4","14","14.86","2005-08-20 23:18:54","7.00"
"Spirited Casualties","Sci-Fi","3","10","18.90","2005-08-23 06:21:20","5.00"
"Splash Gump","Family","4","14","33.86","2005-08-22 09:49:32","5.00"
"Splendor Patton","Children","7","21","40.79","2005-08-23 14:23:03","5.00"
"Spoilers Hellfighters","Documentary","3","9","18.91","2005-08-23 10:57:40","4.00"
"Spy Mile","Games","8","27","94.73","2005-08-22 16:37:36","6.00"
"Squad Fish","Sports","3","7","27.93","2005-08-23 19:42:46","3.00"
"Stage World","Comedy","3","10","46.90","2005-08-21 04:49:41","4.00"
"Stagecoach Armageddon","Action","6","23","138.77","2005-08-23 16:19:02","5.00"
"Stallion Sundance","Sci-Fi","2","6","7.94","2005-08-23 07:13:43","5.00"
"Stampede Disturbing","Games","4","14","32.86","2005-08-23 06:19:51","5.00"
"Star Operation","Sports","7","20","83.80","2006-02-14 15:16:03","5.00"
"State Wasteland","Games","4","12","55.89","2006-02-14 15:16:03","4.00"
"Steel Santa","Classics","7","22","136.78","2005-08-23 17:16:28","4.00"
"Steers Armageddon","Sports","4","15","85.85","2005-08-22 23:11:59","6.00"
"Stepmom Dream","Foreign","7","19","99.81","2005-08-22 22:12:02","7.00"
"Sting Personal","New","8","20","149.80","2005-08-23 22:21:03","3.00"
"Stock Glass","New","4","13","42.87","2005-08-23 09:23:08","7.00"
"Stone Fire","Travel","3","10","32.90","2005-08-22 22:49:13","3.00"
"Storm Happiness","Animation","8","26","42.74","2005-08-22 20:44:35","6.00"
"Story Side","Action","7","26","35.74","2005-08-23 17:48:30","7.00"
"Straight Hours","Sports","6","19","55.81","2005-08-22 16:33:39","3.00"
"Strangelove Desire","Children","7","22","79.78","2005-08-21 19:12:12","4.00"
"Stranger Strangers","Children","3","10","65.90","2005-08-20 15:18:20","3.00"
"Strangers Graffiti","Horror","4","14","104.86","2005-08-23 11:17:26","4.00"
"Streak Ridgemont","Documentary","4","13","17.87","2006-02-14 15:16:03","7.00"
"Streetcar Intentions","Horror","8","23","137.77","2005-08-23 02:08:18","5.00"
"Strictly Scarface","Comedy","7","23","113.77","2005-08-23 20:23:08","3.00"
"Submarine Bed","Comedy","4","13","78.87","2005-08-21 10:22:51","5.00"
"Sugar Wonka","Animation","6","15","93.85","2005-08-23 03:03:53","3.00"
"Suit Walls","Games","6","19","134.81","2006-02-14 15:16:03","3.00"
"Summer Scarface","Classics","5","14","32.86","2006-02-14 15:16:03","5.00"
"Sun Confessions","Sci-Fi","7","23","50.77","2005-08-22 10:07:52","5.00"
"Sundance Invasion","Children","6","18","36.82","2006-02-14 15:16:03","5.00"
"Sunrise League","Animation","6","22","155.78","2005-08-22 11:01:15","3.00"
"Sunset Racer","Family","2","7","11.93","2005-08-23 09:40:04","6.00"
"Super Wyoming","Family","4","12","78.88","2005-08-20 17:58:00","5.00"
"Superfly Trip","Travel","3","9","16.91","2005-08-18 18:58:35","5.00"
"Suspects Quills","Action","7","27","118.73","2006-02-14 15:16:03","4.00"
"Swarm Gold","Horror","8","23","64.77","2006-02-14 15:16:03","4.00"
"Sweden Shining","Comedy","5","16","101.83","2006-02-14 15:16:03","6.00"
"Sweet Brotherhood","Travel","3","11","58.89","2005-08-23 19:35:42","3.00"
"Sweethearts Suspects","Children","8","27","93.73","2006-02-14 15:16:03","3.00"
"Talented Homicide","Sports","7","24","34.76","2005-08-23 03:46:47","6.00"
"Tarzan Videotape","Horror","2","8","40.92","2005-08-22 01:32:14","3.00"
"Taxi Kick","Music","5","17","34.83","2005-08-22 08:27:27","4.00"
"Teen Apollo","Travel","4","14","109.86","2005-08-21 03:32:03","3.00"
"Telegraph Voyage","Music","7","25","215.75","2005-08-23 08:27:57","3.00"
"Telemark Heartbreakers","Animation","8","24","88.76","2005-08-23 06:19:12","6.00"
"Temple Attraction","Horror","4","10","57.90","2005-08-23 06:09:44","5.00"
"Tenenbaums Command","Drama","4","12","19.88","2005-08-22 21:13:51","4.00"
"Tequila Past","Children","2","6","32.94","2005-08-22 07:48:01","6.00"
"Terminator Club","Music","3","6","39.94","2005-08-22 06:49:15","5.00"
"Texas Watch","Horror","2","6","5.94","2005-08-21 21:02:22","7.00"
"Theory Mermaid","Animation","4","11","30.88","2006-02-14 15:16:03","5.00"
"Thief Pelican","Animation","6","16","97.84","2005-08-22 14:23:11","5.00"
"Thin Sagebrush","Documentary","4","11","73.89","2005-08-21 19:19:21","5.00"
"Ties Hunger","Children","3","9","69.91","2005-08-23 15:41:20","3.00"
"Tights Dawn","Sports","7","24","54.76","2005-08-23 07:07:22","5.00"
"Timberland Sky","Classics","7","26","102.74","2005-08-23 00:53:57","3.00"
"Titanic Boondock","Animation","7","22","149.78","2006-02-14 15:16:03","3.00"
"Titans Jerk","Sci-Fi","8","27","186.73","2006-02-14 15:16:03","4.00"
"Tomatoes Hellfighters","Travel","5","14","19.86","2005-08-21 14:11:19","6.00"
"Tomorrow Hustler","Classics","7","24","101.76","2005-08-23 22:20:26","3.00"
"Tootsie Pilot","Children","4","12","28.88","2005-08-22 18:48:42","3.00"
"Torque Bound","Drama","8","23","169.76","2006-02-14 15:16:03","3.00"
"Tourist Pelican","Sports","5","19","126.81","2005-08-21 12:48:48","4.00"
"Towers Hurricane","Classics","3","9","10.91","2005-08-18 02:37:07","7.00"
"Town Ark","Foreign","4","13","46.87","2005-08-22 18:05:21","6.00"
"Tracy Cider","Animation","7","24","78.76","2005-08-23 14:02:13","3.00"
"Trading Pinocchio","Sports","7","23","133.77","2006-02-14 15:16:03","6.00"
"Traffic Hobbit","Travel","2","5","24.95","2005-08-21 16:24:45","5.00"
"Train Bunch","Horror","2","4","24.96","2005-08-23 21:56:04","3.00"
"Trainspotting Strangers","Comedy","3","9","46.91","2005-08-23 19:22:36","7.00"
"Tramp Others","Comedy","5","18","40.82","2005-08-22 11:05:34","4.00"
"Translation Summer","Drama","4","13","25.87","2005-08-20 11:37:56","4.00"
"Trap Guys","Foreign","4","15","119.85","2005-08-22 23:48:56","3.00"
"Treatment Jekyll","Drama","2","6","6.94","2005-08-21 04:09:18","3.00"
"Trip Newton","Action","8","26","135.74","2005-08-23 11:37:32","7.00"
"Trojan Tomorrow","Sci-Fi","6","17","75.82","2006-02-14 15:16:03","3.00"
"Troopers Metal","New","6","14","46.86","2005-08-23 07:25:29","3.00"
"Trouble Date","Travel","6","20","70.81","2006-02-14 15:16:03","6.00"
"Truman Crazy","Action","6","20","104.80","2005-08-22 21:18:59","7.00"
"Turn Star","Animation","4","12","56.88","2005-08-22 16:06:23","3.00"
"Tuxedo Mile","Sports","5","13","76.87","2006-02-14 15:16:03","3.00"
"Twisted Pirates","Children","4","11","66.89","2005-08-23 12:33:41","4.00"
"Tycoon Gathering","Games","4","12","103.88","2005-08-23 06:18:43","3.00"
"Unbreakable Karate","New","5","19","76.81","2005-08-22 18:48:48","3.00"
"Uncut Suicides","Music","4","13","42.87","2005-08-23 05:04:33","7.00"
"Undefeated Dalmations","Horror","7","19","102.81","2005-08-23 13:29:08","7.00"
"Unfaithful Kill","Drama","3","8","26.92","2005-08-22 09:03:44","7.00"
"Unforgiven Zoolander","Sci-Fi","5","16","22.84","2005-08-21 23:33:57","7.00"
"United Pilot","Documentary","5","15","43.85","2005-08-21 21:50:51","3.00"
"Untouchables Sunrise","Documentary","2","7","28.93","2005-08-20 16:37:35","5.00"
"Uprising Uptown","Action","4","13","45.87","2005-08-23 16:54:09","6.00"
"Uptown Young","Children","3","10","29.90","2005-08-21 14:51:35","5.00"
"Usual Untouchables","Foreign","4","12","65.88","2005-08-23 16:08:15","5.00"
"Vacation Boondock","Sci-Fi","6","19","89.81","2005-08-23 11:40:30","4.00"
"Valentine Vanishing","Travel","3","10","12.90","2005-08-19 07:47:43","7.00"
"Valley Packer","Comedy","4","12","49.88","2005-08-22 01:10:32","3.00"
"Vampire Whale","New","3","11","69.89","2005-08-22 01:52:26","4.00"
"Vanilla Day","Games","3","9","52.91","2005-08-21 12:47:38","7.00"
"Vanished Garden","New","2","7","14.94","2006-02-14 15:16:03","5.00"
"Vanishing Rocky","Music","6","17","80.83","2006-02-14 15:16:03","3.00"
"Varsity Trip","New","5","16","48.84","2006-02-14 15:16:03","7.00"
"Velvet Terminator","Comedy","6","23","152.77","2005-08-23 18:46:44","3.00"
"Vertigo Northwest","Comedy","4","8","37.92","2005-08-23 15:38:34","4.00"
"Victory Academy","Sports","3","9","12.91","2005-08-22 23:18:10","6.00"
"Videotape Arsenic","Games","7","24","148.76","2005-08-22 15:29:15","4.00"
"Vietnam Smoochy","Drama","4","14","21.86","2005-08-21 19:54:11","7.00"
"Virgin Daisy","Drama","5","16","86.84","2005-08-22 19:45:57","6.00"
"Virginian Pluto","Documentary","8","25","47.75","2006-02-14 15:16:03","5.00"
"Virtual Spoilers","Family","4","13","105.87","2005-08-23 13:22:56","3.00"
"Vision Torque","Foreign","2","6","11.94","2005-08-22 16:35:47","5.00"
"Voice Peach","New","6","17","31.83","2005-08-23 04:33:23","6.00"
"Volcano Texas","Games","6","19","32.81","2006-02-14 15:16:03","6.00"
"Voyage Legally","Classics","7","25","42.75","2005-08-23 22:26:47","6.00"
"Wagon Jaws","Documentary","3","9","33.91","2005-08-21 12:10:41","7.00"
"Wait Cider","Animation","6","18","73.82","2005-08-23 14:07:56","3.00"
"Wanda Chamber","Games","4","14","76.86","2006-02-14 15:16:03","7.00"
"War Notting","Foreign","5","12","65.88","2005-08-23 00:11:52","7.00"
"Wardrobe Phantom","Drama","6","23","80.77","2005-08-23 15:29:41","6.00"
"Warlock Werewolf","Children","2","6","21.94","2005-08-19 13:12:28","6.00"
"Wars Pluto","Documentary","3","10","42.90","2005-08-22 10:34:39","5.00"
"Wash Heavenly","Foreign","5","20","104.80","2005-08-21 22:53:01","7.00"
"Wasteland Divine","Classics","4","12","40.88","2005-08-21 11:20:21","7.00"
"Watch Tracy","Animation","5","15","33.85","2005-08-22 17:48:28","5.00"
"Waterfront Deliverance","Action","5","16","116.84","2005-08-21 20:12:30","4.00"
"Watership Frontier","Horror","2","6","13.94","2005-08-22 11:48:19","6.00"
"Wedding Apollo","Documentary","6","21","71.79","2006-02-14 15:16:03","3.00"
"Weekend Personal","Sci-Fi","5","17","71.83","2005-08-22 23:35:41","5.00"
"Werewolf Lola","Action","3","12","68.88","2005-08-23 20:00:30","6.00"
"West Lion","Drama","4","14","92.86","2005-08-22 07:51:47","4.00"
"Westward Seabiscuit","Classics","7","25","36.75","2005-08-23 08:34:10","7.00"
"Whale Bikini","Foreign","4","15","113.85","2005-08-23 20:08:18","4.00"
"Whisperer Giant","Sci-Fi","6","20","141.80","2005-08-23 13:41:05","4.00"
"Wife Turn","Documentary","8","27","198.73","2005-08-23 14:47:26","3.00"
"Wild Apollo","New","2","6","15.94","2006-02-14 15:16:03","4.00"
"Willow Tracy","Family","5","15","52.85","2005-08-23 10:11:40","6.00"
"Wind Phantom","Games","6","21","33.79","2005-08-23 02:39:56","6.00"
"Window Side","Travel","3","11","50.89","2006-02-14 15:16:03","3.00"
"Wisdom Worker","Comedy","3","9","29.91","2005-08-21 03:40:40","3.00"
"Witches Panic","Drama","7","25","146.75","2005-08-23 09:16:39","6.00"
"Wizard Coldblooded","Music","5","15","90.85","2005-08-23 10:32:52","4.00"
"Wolves Desire","Travel","6","21","24.79","2005-08-21 21:04:42","7.00"
"Women Dorado","Action","7","20","38.81","2006-02-14 15:16:03","4.00"
"Won Dares","Music","3","9","28.91","2005-08-23 01:44:43","7.00"
"Wonderful Drop","Foreign","2","8","46.92","2005-08-22 21:24:19","3.00"
"Wonderland Christmas","Sci-Fi","7","21","142.79","2005-08-23 19:54:24","4.00"
"Wonka Sea","Animation","6","18","66.82","2005-08-23 16:07:15","6.00"
"Words Hunter","Music","4","14","73.86","2005-08-22 18:59:01","3.00"
"Worker Tarzan","Travel","5","14","47.86","2005-08-22 19:54:26","7.00"
"Working Microcosmos","Travel","6","22","144.78","2005-08-23 02:06:01","4.00"
"World Leathernecks","Horror","2","8","24.92","2006-02-14 15:16:03","3.00"
"Worst Banger","Action","5","15","66.85","2005-08-23 01:13:52","4.00"
"Wrath Mile","Documentary","4","13","22.87","2005-08-22 20:31:38","5.00"
"Wrong Behavior","Children","7","20","62.80","2005-08-23 18:54:07","6.00"
"Wyoming Storm","New","3","11","61.89","2005-08-23 18:31:40","6.00"
"Yentl Idaho","Horror","6","21","122.79","2005-08-23 18:50:54","5.00"
"Young Language","Documentary","2","7","6.93","2005-08-23 01:50:31","6.00"
"Youth Kick","Music","2","6","16.94","2005-08-18 17:31:36","4.00"
"Zhivago Core","Horror","2","7","10.93","2006-02-14 15:16:03","6.00"
"Zoolander Fiction","Children","5","15","66.85","2005-08-23 08:48:43","5.00"
"Zorro Ark","Comedy","8","28","199.72","2005-08-23 17:56:01","3.00"
