"film_title","film_category","total_rental_revenue","total_number_of_rental","avg_revenue_per_rental","last_rental_date"
"Telegraph Voyage","Music","215.75","25","8.6300000000000000","2005-08-23 08:27:57"
"Zorro Ark","Comedy","199.72","28","7.1328571428571429","2005-08-23 17:56:01"
"Wife Turn","Documentary","198.73","27","7.3603703703703704","2005-08-23 14:47:26"
"Innocent Usual","Foreign","191.74","26","7.3746153846153846","2005-08-22 15:22:15"
"Hustler Party","Comedy","190.78","22","8.6718181818181818","2005-08-23 09:42:21"
"Saturday Lambs","Sports","190.74","26","7.3361538461538462","2005-08-23 19:42:04"
"Titans Jerk","Sci-Fi","186.73","27","6.9159259259259259","2006-02-14 15:16:03"
"Harry Idaho","Drama","177.73","27","6.5825925925925926","2006-02-14 15:16:03"
"Torque Bound","Drama","169.76","23","7.3808695652173913","2006-02-14 15:16:03"
"Dogma Family","Animation","168.72","28","6.0257142857142857","2005-08-23 05:24:29"
"Pelican Comforts","Documentary","165.77","23","7.2073913043478261","2005-08-23 21:07:59"
"Goodfellas Salute","Sci-Fi","164.75","25","6.5900000000000000","2005-08-23 18:08:19"
"Fool Mockingbird","Action","162.79","21","7.7519047619047619","2005-08-22 07:37:24"
"Apache Divine","Family","160.72","28","5.7400000000000000","2005-08-23 15:10:42"
"Enemy Odds","Music","159.75","25","6.3900000000000000","2005-08-21 10:10:01"
"Cat Coneheads","Comedy","159.73","27","5.9159259259259259","2006-02-14 15:16:03"
"Scorpion Apollo","Drama","158.79","21","7.5614285714285714","2005-08-23 22:19:33"
"Range Moonwalker","Family","158.77","23","6.9030434782608696","2005-08-23 11:35:12"
"Scalawag Duck","Music","157.71","29","5.4382758620689655","2005-08-23 17:13:01"
"Sunrise League","Animation","155.78","22","7.0809090909090909","2005-08-22 11:01:15"
"Lola Agent","Horror","154.77","23","6.7291304347826087","2005-08-22 11:36:16"
"Maiden Home","New","152.78","22","6.9445454545454545","2005-08-23 06:00:28"
"Velvet Terminator","Comedy","152.77","23","6.6421739130434783","2005-08-23 18:46:44"
"Closer Bang","Comedy","152.76","24","6.3650000000000000","2005-08-22 21:28:59"
"Bucket Brotherhood","Travel","150.72","28","5.3828571428571429","2005-08-23 21:49:22"
"Sting Personal","New","149.80","20","7.4900000000000000","2005-08-23 22:21:03"
"Titanic Boondock","Animation","149.78","22","6.8081818181818182","2006-02-14 15:16:03"
"Massacre Usual","Games","149.75","25","5.9900000000000000","2005-08-23 17:02:00"
"Nightmare Chill","Games","148.79","21","7.0852380952380952","2005-08-23 20:40:31"
"Videotape Arsenic","Games","148.76","24","6.1983333333333333","2005-08-22 15:29:15"
"American Circus","Action","146.81","19","7.7268421052631579","2006-02-14 15:16:03"
"Witches Panic","Drama","146.75","25","5.8700000000000000","2005-08-23 09:16:39"
"Show Lord","Documentary","145.78","22","6.6263636363636364","2005-08-23 16:58:12"
"Minds Truman","Action","144.81","19","7.6215789473684211","2005-08-22 14:27:46"
"Working Microcosmos","Travel","144.78","22","6.5809090909090909","2005-08-23 02:06:01"
"Head Stranger","Games","142.79","21","6.7995238095238095","2005-08-23 04:51:52"
"Wonderland Christmas","Sci-Fi","142.79","21","6.7995238095238095","2005-08-23 19:54:24"
"Whisperer Giant","Sci-Fi","141.80","20","7.0900000000000000","2005-08-23 13:41:05"
"Forrester Comancheros","Animation","141.74","26","5.4515384615384615","2006-02-14 15:16:03"
"Backlash Undefeated","Children","140.84","16","8.8025000000000000","2005-08-23 15:15:02"
"Dorado Notting","Music","140.78","22","6.3990909090909091","2005-08-23 18:48:40"
"Boogie Amelie","Music","140.74","25","5.6296000000000000","2006-02-14 15:16:03"
"Secrets Paradise","Family","139.82","18","7.7677777777777778","2005-08-22 21:01:48"
"Mine Titans","New","138.83","17","8.1664705882352941","2005-08-23 20:20:23"
"Pity Bound","Drama","138.77","23","6.0334782608695652","2005-08-23 21:25:03"
"Stagecoach Armageddon","Action","138.77","23","6.0334782608695652","2005-08-23 16:19:02"
"Streetcar Intentions","Horror","137.77","23","5.9900000000000000","2005-08-23 02:08:18"
"Roses Treasure","Sports","137.77","23","5.9900000000000000","2005-08-23 18:15:06"
"Fellowship Autumn","Travel","137.76","24","5.7400000000000000","2005-08-22 13:39:20"
"Steel Santa","Classics","136.78","22","6.2172727272727273","2005-08-23 17:16:28"
"Confidential Interview","Music","136.76","24","5.6983333333333333","2005-08-23 15:22:15"
"Trip Newton","Action","135.74","26","5.2207692307692308","2005-08-23 11:37:32"
"Flintstones Happiness","Comedy","134.83","17","7.9311764705882353","2005-08-22 23:08:46"
"Garden Island","Sci-Fi","134.82","18","7.4900000000000000","2005-08-23 10:23:28"
"Eagles Panky","New","134.81","19","7.0952631578947368","2006-02-14 15:16:03"
"Suit Walls","Games","134.81","19","7.0952631578947368","2006-02-14 15:16:03"
"Flamingos Connecticut","New","134.78","22","6.1263636363636364","2005-08-22 19:28:04"
"Attraction Newton","New","133.78","22","6.0809090909090909","2005-08-21 23:00:02"
"Trading Pinocchio","Sports","133.77","23","5.8160869565217391","2006-02-14 15:16:03"
"Easy Gladiator","Action","132.80","20","6.6400000000000000","2005-08-21 09:06:29"
"Heartbreakers Bright","Children","132.80","20","6.6400000000000000","2005-08-23 18:54:32"
"Durham Panky","Sports","132.76","24","5.5316666666666667","2005-08-22 01:12:44"
"Moonshine Cabin","Games","131.80","20","6.5900000000000000","2005-08-22 19:37:20"
"Drifter Commandments","Action","131.78","22","5.9900000000000000","2006-02-14 15:16:03"
"Name Detective","Games","131.78","22","5.9900000000000000","2006-02-14 15:16:03"
"Aladdin Calendar","Sports","131.77","23","5.7291304347826087","2005-08-21 20:49:21"
"Coneheads Smoochy","Drama","131.76","24","5.4900000000000000","2005-08-23 16:57:43"
"Lies Treatment","Drama","131.76","24","5.4900000000000000","2005-08-20 23:07:10"
"Midsummer Groundhog","Documentary","129.82","18","7.2122222222222222","2005-08-21 19:59:30"
"Details Packer","Games","128.82","18","7.1566666666666667","2006-02-14 15:16:03"
"Queen Luke","Drama","128.79","21","6.1328571428571429","2006-02-14 15:16:03"
"Tourist Pelican","Sports","126.81","19","6.6742105263157895","2005-08-21 12:48:48"
"Liaisons Sweet","Travel","126.79","21","6.0376190476190476","2005-08-22 13:04:32"
"Sabrina Midnight","Children","126.79","21","6.0376190476190476","2005-08-21 20:53:40"
"Kiss Glory","Foreign","126.79","21","6.0376190476190476","2005-08-22 06:39:24"
"Seattle Expecations","Drama","125.80","19","6.6210526315789474","2006-02-14 15:16:03"
"Beauty Grease","Drama","125.79","21","5.9900000000000000","2005-08-23 21:34:33"
"Movie Shakespeare","Family","125.78","23","5.4686956521739130","2006-02-14 15:16:03"
"Gleaming Jawbreaker","Sports","125.72","27","4.6562962962962963","2006-02-14 15:16:03"
"Chance Resurrection","Sports","124.76","24","5.1983333333333333","2005-08-23 16:30:55"
"Calendar Gunfight","Foreign","123.82","18","6.8788888888888889","2005-08-23 00:49:24"
"Heavyweights Beast","Documentary","123.78","22","5.6263636363636364","2005-08-23 03:54:39"
"Satisfaction Confidential","Sports","122.84","16","7.6775000000000000","2005-08-22 21:05:50"
"Yentl Idaho","Horror","122.79","21","5.8471428571428571","2005-08-23 18:50:54"
"Coma Head","Travel","122.77","23","5.3378260869565217","2005-08-23 02:06:41"
"Center Dinosaur","Classics","121.79","21","5.7995238095238095","2006-02-14 15:16:03"
"Sleeping Suspects","Horror","121.78","22","5.5354545454545455","2006-02-14 15:16:03"
"Princess Giant","Documentary","121.77","24","5.0737500000000000","2006-02-14 15:16:03"
"Pulp Beverly","Horror","121.74","26","4.6823076923076923","2006-02-14 15:16:03"
"Dawn Pond","Games","120.83","17","7.1076470588235294","2005-08-23 14:23:44"
"Kissing Dolls","Action","120.83","17","7.1076470588235294","2005-08-23 16:33:33"
"Something Duck","Drama","120.82","18","6.7122222222222222","2005-08-20 17:24:45"
"Trap Guys","Foreign","119.85","15","7.9900000000000000","2005-08-22 23:48:56"
"Pinocchio Simon","Comedy","119.82","18","6.6566666666666667","2005-08-23 21:30:45"
"Rage Games","Family","119.81","19","6.3057894736842105","2005-08-23 21:02:43"
"Bingo Talented","Sci-Fi","119.75","25","4.7900000000000000","2005-08-22 22:30:50"
"Doors President","Animation","118.82","18","6.6011111111111111","2006-02-14 15:16:03"
"Desert Poseidon","Horror","118.81","19","6.2531578947368421","2005-08-23 18:40:41"
"Maltese Hope","Games","118.79","21","5.6566666666666667","2005-08-23 16:43:54"
"Suspects Quills","Action","118.73","27","4.3974074074074074","2006-02-14 15:16:03"
"Fidelity Devil","Horror","117.82","18","6.5455555555555556","2005-08-23 06:41:07"
"Snatch Slipper","Comedy","117.80","20","5.8900000000000000","2005-08-23 15:34:46"
"High Encino","Horror","117.79","21","5.6090476190476190","2005-08-22 16:55:26"
"Waterfront Deliverance","Action","116.84","16","7.3025000000000000","2005-08-21 20:12:30"
"Metropolis Coma","Sci-Fi","116.76","24","4.8650000000000000","2005-08-22 13:19:25"
"Network Peak","Family","116.73","27","4.3233333333333333","2005-08-23 09:07:11"
"Road Roxanne","Documentary","115.83","17","6.8135294117647059","2005-08-23 14:29:16"
"Hunchback Impossible","Drama","115.83","17","6.8135294117647059","2006-02-14 15:16:03"
"Beverly Outlaw","Sci-Fi","115.79","21","5.5138095238095238","2005-08-23 15:19:15"
"Freddy Storm","Horror","115.79","21","5.5138095238095238","2005-08-23 00:30:26"
"Conversation Downhill","Family","114.83","17","6.7547058823529412","2006-02-14 15:16:03"
"Cause Date","Documentary","114.81","19","6.0426315789473684","2005-08-23 16:23:08"
"Whale Bikini","Foreign","113.85","15","7.5900000000000000","2005-08-23 20:08:18"
"Lady Stage","Horror","113.84","16","7.1150000000000000","2006-02-14 15:16:03"
"Redemption Comforts","New","113.80","20","5.6900000000000000","2005-08-23 01:14:01"
"Strictly Scarface","Comedy","113.77","23","4.9465217391304348","2005-08-23 20:23:08"
"Secretary Rouge","Sports","112.82","18","6.2677777777777778","2005-08-22 23:19:44"
"Agent Truman","Foreign","111.81","19","5.8847368421052632","2005-08-21 16:03:01"
"Money Harold","New","111.80","20","5.5900000000000000","2005-08-22 10:55:45"
"Candles Grapes","Games","111.80","20","5.5900000000000000","2005-08-22 06:49:29"
"Mission Zoolander","Animation","110.84","16","6.9275000000000000","2005-08-22 04:51:42"
"Interview Liaisons","New","110.82","18","6.1566666666666667","2005-08-22 03:42:12"
"Prejudice Oleander","Classics","110.81","19","5.8321052631578947","2005-08-21 15:59:40"
"Ridgemont Submarine","New","110.72","28","3.9542857142857143","2006-02-14 15:16:03"
"Teen Apollo","Travel","109.86","14","7.8471428571428571","2005-08-21 03:32:03"
"Shawshank Bubble","Travel","109.81","19","5.7794736842105263","2006-02-14 15:16:03"
"Horn Working","Animation","109.77","23","4.7726086956521739","2005-08-23 10:04:36"
"Arachnophobia Rollercoaster","Horror","109.77","23","4.7726086956521739","2005-08-22 23:26:32"
"Butterfly Chocolat","New","108.74","26","4.1823076923076923","2005-08-22 20:47:48"
"Command Darling","Foreign","107.84","16","6.7400000000000000","2005-08-22 02:57:04"
"Ghost Groundhog","Children","107.81","19","5.6742105263157895","2006-02-14 15:16:03"
"Philadelphia Wife","Sports","107.80","21","5.1333333333333333","2006-02-14 15:16:03"
"Scarface Bang","Children","106.84","16","6.6775000000000000","2006-02-14 15:16:03"
"Falcon Volume","Animation","106.81","18","5.9338888888888889","2006-02-14 15:16:03"
"Spice Sorority","Drama","106.81","19","5.6215789473684211","2005-08-23 03:01:56"
"Brooklyn Desert","Foreign","106.81","19","5.6215789473684211","2005-08-22 03:20:26"
"Virtual Spoilers","Family","105.87","13","8.1438461538461538","2005-08-23 13:22:56"
"Galaxy Sweethearts","Classics","105.84","16","6.6150000000000000","2005-08-22 23:17:41"
"League Hellfighters","Classics","105.83","17","6.2252941176470588","2005-08-21 23:17:26"
"Requiem Tycoon","Classics","105.82","18","5.8788888888888889","2005-08-23 09:37:34"
"Chasing Fight","Family","105.82","19","5.5694736842105263","2006-02-14 15:16:03"
"Secret Groundhog","Documentary","105.81","19","5.5689473684210526","2005-08-22 20:27:38"
"Driving Polish","Music","105.81","19","5.5689473684210526","2005-08-22 20:22:40"
"Reign Gentlemen","Sci-Fi","105.81","19","5.5689473684210526","2005-08-23 13:43:26"
"Clueless Bucket","Action","105.77","23","4.5986956521739130","2005-08-23 10:25:45"
"Strangers Graffiti","Horror","104.86","14","7.4900000000000000","2005-08-23 11:17:26"
"Breakfast Goldfinger","New","104.84","16","6.5525000000000000","2005-08-23 18:59:33"
"Jerk Paycheck","Classics","104.81","19","5.5163157894736842","2005-08-23 12:26:19"
"Truman Crazy","Action","104.80","20","5.2400000000000000","2005-08-22 21:18:59"
"Wash Heavenly","Foreign","104.80","20","5.2400000000000000","2005-08-21 22:53:01"
"Arizona Bang","Classics","104.79","21","4.9900000000000000","2005-08-23 05:08:58"
"Hanky October","Sci-Fi","104.77","23","4.5552173913043478","2005-08-23 18:23:30"
"Tycoon Gathering","Games","103.88","12","8.6566666666666667","2005-08-23 06:18:43"
"Million Ace","Classics","103.83","17","6.1076470588235294","2005-08-23 02:05:51"
"Sleepless Monsoon","Animation","103.83","17","6.1076470588235294","2006-02-14 15:16:03"
"Open African","Sci-Fi","103.81","19","5.4636842105263158","2005-08-23 17:39:35"
"Angels Life","New","103.80","20","5.1900000000000000","2005-08-23 13:46:00"
"Cupboard Sinners","Documentary","103.78","22","4.7172727272727273","2005-08-22 09:37:54"
"Greatest North","Music","103.73","27","3.8418518518518519","2005-08-23 16:32:10"
"Birds Perdition","New","102.83","17","6.0488235294117647","2005-08-23 10:36:00"
"Undefeated Dalmations","Horror","102.81","19","5.4110526315789474","2005-08-23 13:29:08"
"South Wait","Action","102.79","21","4.8947619047619048","2006-02-14 15:16:03"
"Forward Temple","Games","102.74","26","3.9515384615384615","2005-08-23 12:29:24"
"Timberland Sky","Classics","102.74","26","3.9515384615384615","2005-08-23 00:53:57"
"Attacks Hate","Sci-Fi","101.84","16","6.3650000000000000","2005-08-23 04:48:12"
"Paycheck Wait","Drama","101.84","16","6.3650000000000000","2005-08-23 16:50:53"
"Expecations Natural","Travel","101.83","17","5.9900000000000000","2005-08-22 09:33:08"
"Sweden Shining","Comedy","101.83","16","6.3643750000000000","2006-02-14 15:16:03"
"Tomorrow Hustler","Classics","101.76","24","4.2400000000000000","2005-08-23 22:20:26"
"Samurai Lion","New","101.76","24","4.2400000000000000","2005-08-23 08:59:12"
"Poseidon Forever","Sports","100.83","17","5.9311764705882353","2005-08-23 20:22:17"
"Giant Troopers","Children","100.74","26","3.8746153846153846","2005-08-22 16:57:02"
"Invasion Cyclone","Children","100.74","26","3.8746153846153846","2005-08-23 17:00:12"
"Confused Candles","Family","99.84","16","6.2400000000000000","2005-08-20 16:17:27"
"Stepmom Dream","Foreign","99.81","19","5.2531578947368421","2005-08-22 22:12:02"
"Knock Warlock","Comedy","99.79","21","4.7519047619047619","2005-08-22 10:14:33"
"English Bulworth","Sci-Fi","99.74","26","3.8361538461538462","2005-08-23 18:43:11"
"Hall Cassidy","Children","98.84","16","6.1775000000000000","2005-08-23 19:51:30"
"Egg Igby","Documentary","98.81","19","5.2005263157894737","2005-08-22 07:19:05"
"Brotherhood Blanket","Documentary","98.77","23","4.2943478260869565","2005-08-22 22:57:25"
"Thief Pelican","Animation","97.84","16","6.1150000000000000","2005-08-22 14:23:11"
"Jason Trap","Family","97.77","23","4.2508695652173913","2006-02-14 15:16:03"
"Grit Clockwork","Games","97.72","28","3.4900000000000000","2005-08-23 13:46:27"
"Rocketeer Mother","Foreign","97.72","28","3.4900000000000000","2005-08-23 20:10:13"
"Shock Cabin","Foreign","96.71","29","3.3348275862068966","2006-02-14 15:16:03"
"Jericho Mulan","Games","95.84","16","5.9900000000000000","2005-08-23 18:20:56"
"Inch Jet","Animation","95.82","18","5.3233333333333333","2005-08-23 09:53:30"
"Salute Apollo","New","95.80","20","4.7900000000000000","2005-08-22 19:09:52"
"Gangs Pride","Animation","95.78","22","4.3536363636363636","2005-08-23 16:34:31"
"Hyde Doctor","Classics","95.76","23","4.1634782608695652","2006-02-14 15:16:03"
"Bilko Anonymous","Family","94.88","12","7.9066666666666667","2005-08-23 14:55:47"
"Gold River","Comedy","94.86","14","6.7757142857142857","2005-08-22 19:44:59"
"Mermaid Insects","Sports","94.85","15","6.3233333333333333","2005-08-22 07:04:25"
"French Holiday","Documentary","94.84","16","5.9275000000000000","2005-08-22 09:54:54"
"Gorgeous Bingo","Children","94.83","17","5.5782352941176471","2006-02-14 15:16:03"
"Peak Forever","Sports","94.82","18","5.2677777777777778","2005-08-23 15:08:00"
"Patton Interview","Horror","94.79","21","4.5138095238095238","2005-08-23 08:52:50"
"Fargo Gandhi","Children","94.79","21","4.5138095238095238","2005-08-22 06:29:34"
"Fish Opus","Sci-Fi","94.78","22","4.3081818181818182","2005-08-23 17:57:35"
"Expendable Stallion","Documentary","94.74","26","3.6438461538461538","2005-08-23 12:47:37"
"Spy Mile","Games","94.73","27","3.5085185185185185","2005-08-22 16:37:36"
"Day Unfaithful","New","93.88","12","7.8233333333333333","2006-02-14 15:16:03"
"Pickup Driving","Sports","93.85","15","6.2566666666666667","2005-08-20 12:11:28"
"Sugar Wonka","Animation","93.85","15","6.2566666666666667","2005-08-23 03:03:53"
"Bear Graceland","Children","93.81","19","4.9373684210526316","2005-08-23 11:56:22"
"Camelot Vacation","Sci-Fi","93.76","24","3.9066666666666667","2006-02-14 15:16:03"
"Sweethearts Suspects","Children","93.73","27","3.4714814814814815","2006-02-14 15:16:03"
"West Lion","Drama","92.86","14","6.6328571428571429","2005-08-22 07:51:47"
"Hanging Deep","Drama","92.85","15","6.1900000000000000","2005-08-20 23:42:31"
"Core Suit","Classics","92.84","16","5.8025000000000000","2005-08-23 04:20:16"
"Jet Neighbors","Foreign","92.83","17","5.4605882352941176","2005-08-23 19:19:06"
"Hellfighters Sierra","Foreign","92.81","19","4.8847368421052632","2005-08-23 15:34:49"
"Fatal Haunted","New","92.77","23","4.0334782608695652","2005-08-22 23:55:51"
"Silverado Goldfinger","Sci-Fi","91.88","12","7.6566666666666667","2006-02-14 15:16:03"
"Destiny Saturday","New","91.85","15","6.1233333333333333","2005-08-21 02:56:52"
"Balloon Homeward","Music","91.78","22","4.1718181818181818","2005-08-23 00:56:27"
"Dude Blindness","Sports","90.87","13","6.9900000000000000","2005-08-23 07:10:22"
"Wizard Coldblooded","Music","90.85","15","6.0566666666666667","2005-08-23 10:32:52"
"Ice Crossing","Games","90.78","22","4.1263636363636364","2005-08-23 02:08:40"
"Pure Runner","Comedy","89.85","15","5.9900000000000000","2006-02-14 15:16:03"
"Coldblooded Darling","Sci-Fi","89.84","16","5.6150000000000000","2005-08-23 05:39:06"
"Igby Maker","Travel","89.83","17","5.2841176470588235","2006-02-14 15:16:03"
"Vacation Boondock","Sci-Fi","89.81","19","4.7268421052631579","2005-08-23 11:40:30"
"Rocky War","Drama","88.87","13","6.8361538461538462","2005-08-22 20:41:53"
"Memento Zoolander","Comedy","88.87","13","6.8361538461538462","2005-08-22 21:01:25"
"Candidate Perdition","Classics","88.82","17","5.2247058823529412","2006-02-14 15:16:03"
"Metal Armageddon","Documentary","88.79","21","4.2280952380952381","2005-08-22 23:58:09"
"Telemark Heartbreakers","Animation","88.76","24","3.6983333333333333","2005-08-23 06:19:12"
"Idols Snatchers","Children","88.76","24","3.6983333333333333","2005-08-23 20:27:34"
"Behavior Runaway","Horror","87.89","11","7.9900000000000000","2005-08-22 06:46:03"
"Flash Wars","New","87.88","12","7.3233333333333333","2005-08-23 15:21:35"
"Bright Encounters","Drama","87.88","12","7.3233333333333333","2005-08-22 05:16:16"
"Hysterical Grail","Sports","87.85","15","5.8566666666666667","2005-08-21 07:29:05"
"Darn Forrester","Action","87.83","17","5.1664705882352941","2005-08-23 21:54:02"
"Basic Easy","Travel","87.80","20","4.3900000000000000","2006-02-14 15:16:03"
"Oz Liaisons","Animation","87.78","22","3.9900000000000000","2005-08-23 04:00:30"
"Color Philadelphia","Classics","87.78","22","3.9900000000000000","2005-08-23 22:06:15"
"Panky Submarine","Games","86.88","12","7.2400000000000000","2005-08-19 09:34:02"
"Airport Pollock","Horror","86.85","15","5.7900000000000000","2005-08-23 20:24:36"
"Slacker Liaisons","Drama","86.84","16","5.4275000000000000","2005-08-23 13:18:46"
"Virgin Daisy","Drama","86.84","16","5.4275000000000000","2005-08-22 19:45:57"
"Seabiscuit Punk","Sports","86.76","24","3.6150000000000000","2006-02-14 15:16:03"
"Muscle Bright","Travel","86.73","27","3.2122222222222222","2005-08-23 00:07:53"
"Juggler Hardly","Animation","86.71","29","2.9900000000000000","2006-02-14 15:16:03"
"Daisy Menagerie","Sci-Fi","85.86","14","6.1328571428571429","2005-08-22 18:21:04"
"Steers Armageddon","Sports","85.85","15","5.7233333333333333","2005-08-22 23:11:59"
"Robbers Joon","Children","85.74","26","3.2976923076923077","2005-08-22 04:09:18"
"Conquerer Nuts","Drama","84.87","13","6.5284615384615385","2005-08-22 21:29:14"
"Chicago North","Games","84.85","15","5.6566666666666667","2005-08-21 22:12:45"
"Sea Virgin","Drama","84.81","19","4.4636842105263158","2005-08-23 05:49:21"
"Alien Center","Foreign","84.80","20","4.2400000000000000","2005-08-23 19:21:22"
"Barbarella Streetcar","Sci-Fi","84.78","22","3.8536363636363636","2005-08-23 20:45:53"
"Married Go","Sci-Fi","84.74","26","3.2592307692307692","2005-08-22 19:56:41"
"Pittsburgh Hunchback","Family","83.89","11","7.6263636363636364","2005-08-22 06:37:43"
"Panther Reds","Sci-Fi","83.86","14","5.9900000000000000","2005-08-22 17:22:41"
"Loser Hustler","Sports","83.86","14","5.9900000000000000","2005-08-23 01:25:30"
"Sagebrush Clueless","Documentary","83.86","14","5.9900000000000000","2005-08-23 12:43:30"
"Dying Maker","Comedy","83.85","15","5.5900000000000000","2005-08-21 16:52:03"
"Forrest Sons","Action","83.83","17","4.9311764705882353","2005-08-23 15:47:02"
"Star Operation","Sports","83.80","20","4.1900000000000000","2006-02-14 15:16:03"
"Affair Prejudice","Horror","83.79","21","3.9900000000000000","2006-02-14 15:16:03"
"Oscar Gold","Animation","83.75","25","3.3500000000000000","2005-08-23 15:09:17"
"Airplane Sierra","Comedy","82.85","15","5.5233333333333333","2005-08-22 17:18:05"
"Musketeers Wait","Classics","82.85","15","5.5233333333333333","2005-08-21 02:23:25"
"Holiday Games","Foreign","82.85","15","5.5233333333333333","2005-08-23 01:29:59"
"Casablanca Super","Travel","82.84","16","5.1775000000000000","2005-08-23 01:16:55"
"Hurricane Affair","Comedy","82.77","23","3.5986956521739130","2005-08-21 09:04:20"
"Paths Control","Drama","81.90","10","8.1900000000000000","2005-08-23 16:18:12"
"Hanover Galaxy","Music","81.86","14","5.8471428571428571","2005-08-20 18:42:40"
"Campus Remember","Action","81.83","17","4.8135294117647059","2005-08-22 19:46:36"
"Rush Goodfellas","Family","81.72","28","2.9185714285714286","2005-08-22 10:29:44"
"Dragonfly Strangers","New","80.86","14","5.7757142857142857","2006-02-14 15:16:03"
"Peach Innocent","Sports","80.86","13","6.2200000000000000","2006-02-14 15:16:03"
"Human Graffiti","Games","80.85","15","5.3900000000000000","2005-08-22 17:46:41"
"Vanishing Rocky","Music","80.83","17","4.7547058823529412","2006-02-14 15:16:03"
"Orient Closer","Drama","80.83","17","4.7547058823529412","2005-08-23 21:44:27"
"Wardrobe Phantom","Drama","80.77","23","3.5117391304347826","2005-08-23 15:29:41"
"Operation Operation","Comedy","80.75","25","3.2300000000000000","2006-02-14 15:16:03"
"Betrayed Rear","Children","79.87","13","6.1438461538461538","2005-08-21 04:29:11"
"Edge Kissing","Drama","79.87","13","6.1438461538461538","2005-08-23 20:41:09"
"Bikini Borrowers","Animation","79.86","14","5.7042857142857143","2005-08-22 20:03:46"
"Carol Texas","Animation","79.83","17","4.6958823529411765","2005-08-23 11:55:50"
"Paradise Sabrina","Comedy","79.82","18","4.4344444444444444","2005-08-22 02:13:51"
"Strangelove Desire","Children","79.78","22","3.6263636363636364","2005-08-21 19:12:12"
"None Spiking","Sci-Fi","79.75","25","3.1900000000000000","2006-02-14 15:16:03"
"Super Wyoming","Family","78.88","12","6.5733333333333333","2005-08-20 17:58:00"
"Rules Human","Horror","78.87","13","6.0669230769230769","2005-08-22 06:53:21"
"Submarine Bed","Comedy","78.87","13","6.0669230769230769","2005-08-21 10:22:51"
"Groundhog Uncut","Comedy","78.86","14","5.6328571428571429","2006-02-14 15:16:03"
"Devil Desire","Action","78.86","14","5.6328571428571429","2006-02-14 15:16:03"
"Jekyll Frogmen","New","78.84","16","4.9275000000000000","2005-08-23 20:53:20"
"Intentions Empire","Animation","78.83","17","4.6370588235294118","2006-02-14 15:16:03"
"Murder Antitrust","Children","78.79","21","3.7519047619047619","2005-08-23 20:47:12"
"Blackout Private","Animation","78.77","23","3.4247826086956522","2005-08-23 01:39:10"
"Contact Anonymous","Travel","78.76","24","3.2816666666666667","2005-08-21 23:08:33"
"Tracy Cider","Animation","78.76","24","3.2816666666666667","2005-08-23 14:02:13"
"Deer Virginian","Music","78.76","25","3.1504000000000000","2006-02-14 15:16:03"
"Raging Airplane","Sci-Fi","77.88","12","6.4900000000000000","2005-08-23 02:51:27"
"Quills Bull","Documentary","77.87","13","5.9900000000000000","2005-08-23 08:51:21"
"Creepers Kane","Classics","77.87","13","5.9900000000000000","2005-08-23 01:15:07"
"Northwest Polish","Sports","77.82","18","4.3233333333333333","2005-08-23 20:12:17"
"Flying Hook","Animation","77.81","19","4.0952631578947368","2006-02-14 15:16:03"
"Harper Dying","Animation","77.80","20","3.8900000000000000","2005-08-23 21:59:26"
"Quest Mussolini","Action","77.80","20","3.8900000000000000","2005-08-23 08:19:55"
"Clash Freddy","Animation","77.77","23","3.3813043478260870","2005-08-23 18:49:32"
"Disturbing Scarface","Sci-Fi","77.77","23","3.3813043478260870","2005-08-22 14:26:01"
"Horror Reign","Travel","77.75","25","3.1100000000000000","2005-08-23 13:10:16"
"Lose Inch","Foreign","77.74","26","2.9900000000000000","2005-08-22 09:25:24"
"Tuxedo Mile","Sports","76.87","13","5.9130769230769231","2006-02-14 15:16:03"
"Model Fish","Children","76.87","13","5.9130769230769231","2005-08-21 17:30:17"
"Wanda Chamber","Games","76.86","14","5.4900000000000000","2006-02-14 15:16:03"
"Grinch Massage","Games","76.86","14","5.4900000000000000","2005-08-22 14:41:05"
"Image Princess","Sports","76.86","14","5.4900000000000000","2005-08-23 17:57:28"
"Lawless Vision","Animation","76.86","15","5.1240000000000000","2006-02-14 15:16:03"
"Baked Cleopatra","Family","76.85","15","5.1233333333333333","2006-02-14 15:16:03"
"Sleepy Japanese","New","76.83","18","4.2683333333333333","2006-02-14 15:16:03"
"National Story","Documentary","76.83","17","4.5194117647058824","2005-08-23 11:16:29"
"Unbreakable Karate","New","76.81","19","4.0426315789473684","2005-08-22 18:48:48"
"Shakespeare Saddle","Sports","76.80","20","3.8400000000000000","2005-08-22 02:26:33"
"Badman Dawn","Sci-Fi","76.79","21","3.6566666666666667","2005-08-23 15:23:50"
"Island Exorcist","Classics","76.77","23","3.3378260869565217","2005-08-23 11:28:49"
"Connecticut Tramp","Sci-Fi","75.89","11","6.8990909090909091","2005-08-22 06:23:54"
"Moonwalker Fool","Games","75.89","11","6.8990909090909091","2006-02-14 15:16:03"
"Deep Crusade","Documentary","75.87","13","5.8361538461538462","2006-02-14 15:16:03"
"Searchers Wait","Comedy","75.86","14","5.4185714285714286","2005-08-20 21:26:55"
"Holes Brannigan","Sports","75.86","15","5.0573333333333333","2006-02-14 15:16:03"
"Sons Interview","Animation","75.85","14","5.4178571428571429","2006-02-14 15:16:03"
"Trojan Tomorrow","Sci-Fi","75.82","17","4.4600000000000000","2006-02-14 15:16:03"
"Blues Instinct","Family","75.82","18","4.2122222222222222","2005-08-23 11:25:00"
"Atlantis Cause","Family","75.79","21","3.6090476190476190","2005-08-19 06:38:59"
"Malkovich Pet","Classics","75.77","23","3.2943478260869565","2005-08-23 14:23:23"
"Autumn Crow","Games","74.90","10","7.4900000000000000","2005-08-21 22:25:53"
"Birch Antitrust","Music","74.89","11","6.8081818181818182","2005-08-23 10:56:15"
"Impossible Prejudice","Foreign","74.86","14","5.3471428571428571","2005-08-22 15:57:38"
"Lust Lock","Action","74.82","15","4.9880000000000000","2006-02-14 15:16:03"
"Flatliners Killer","Sports","74.81","19","3.9373684210526316","2005-08-22 16:30:43"
"Crossroads Casualties","Animation","74.80","20","3.7400000000000000","2005-08-23 12:47:05"
"Escape Metropolis","Travel","74.77","23","3.2508695652173913","2005-08-23 12:47:16"
"Frost Head","Classics","74.72","28","2.6685714285714286","2006-02-14 15:16:03"
"California Birds","Sports","73.89","11","6.7172727272727273","2005-08-23 12:46:38"
"Thin Sagebrush","Documentary","73.89","11","6.7172727272727273","2005-08-21 19:19:21"
"Pluto Oleander","New","73.87","13","5.6823076923076923","2005-08-21 13:52:54"
"Words Hunter","Music","73.86","14","5.2757142857142857","2005-08-22 18:59:01"
"Outlaw Hanky","Travel","73.86","14","5.2757142857142857","2006-02-14 15:16:03"
"Wait Cider","Animation","73.82","18","4.1011111111111111","2005-08-23 14:07:56"
"Fantasia Park","Games","73.81","19","3.8847368421052632","2005-08-23 22:12:44"
"Dream Pickup","Action","73.80","20","3.6900000000000000","2005-08-22 02:20:44"
"Half Outfield","Family","73.79","22","3.3540909090909091","2006-02-14 15:16:03"
"Darko Dorado","Action","72.90","10","7.2900000000000000","2005-08-23 11:32:35"
"Hope Tootsie","Classics","72.83","17","4.2841176470588235","2005-08-22 11:43:04"
"Berets Agent","Action","72.80","19","3.8315789473684211","2006-02-14 15:16:03"
"Downhill Enough","Comedy","72.79","21","3.4661904761904762","2005-08-23 18:08:59"
"Cincinatti Whisperer","Sci-Fi","71.89","11","6.5354545454545455","2006-02-14 15:16:03"
"Alabama Devil","Horror","71.88","12","5.9900000000000000","2005-08-23 14:26:51"
"Blindness Gun","Sci-Fi","71.87","13","5.5284615384615385","2005-08-23 09:41:28"
"Jacket Frisco","Drama","71.84","16","4.4900000000000000","2005-08-21 07:09:27"
"Weekend Personal","Sci-Fi","71.83","17","4.2252941176470588","2005-08-22 23:35:41"
"Wedding Apollo","Documentary","71.79","21","3.4185714285714286","2006-02-14 15:16:03"
"Saturn Name","Comedy","70.87","13","5.4515384615384615","2005-08-23 18:36:44"
"Confessions Maguire","Drama","70.87","13","5.4515384615384615","2005-08-22 15:21:56"
"Jeepers Wedding","Classics","70.87","13","5.4515384615384615","2005-08-23 03:13:01"
"Ferris Mother","Comedy","70.85","15","4.7233333333333333","2005-08-22 21:39:45"
"Remember Diary","Family","70.83","17","4.1664705882352941","2005-08-23 08:54:26"
"Trouble Date","Travel","70.81","20","3.5405000000000000","2006-02-14 15:16:03"
"Others Soup","Travel","70.80","20","3.5400000000000000","2005-08-23 13:05:10"
"Gentlemen Stage","Foreign","70.80","20","3.5400000000000000","2005-08-22 01:17:18"
"Amistad Midsummer","New","70.79","21","3.3709523809523810","2006-02-14 15:16:03"
"Mallrats United","Comedy","70.78","22","3.2172727272727273","2005-08-23 21:59:57"
"Ties Hunger","Children","69.91","9","7.7677777777777778","2005-08-23 15:41:20"
"Daughter Madigan","Children","69.91","9","7.7677777777777778","2005-08-23 00:46:52"
"Beast Hunchback","Classics","69.90","10","6.9900000000000000","2005-08-22 19:28:02"
"Vampire Whale","New","69.89","11","6.3536363636363636","2005-08-22 01:52:26"
"Comforts Rush","Travel","69.85","15","4.6566666666666667","2005-08-19 16:50:50"
"Instinct Airport","Sports","69.83","17","4.1076470588235294","2005-08-23 15:41:12"
"Werewolf Lola","Action","68.88","12","5.7400000000000000","2005-08-23 20:00:30"
"Flight Lies","Sports","68.88","12","5.7400000000000000","2005-08-21 02:14:03"
"Idaho Love","New","68.85","15","4.5900000000000000","2005-08-20 08:27:27"
"Eyes Driving","Sci-Fi","68.84","16","4.3025000000000000","2005-08-21 22:21:49"
"Bringing Hysterical","Comedy","68.81","19","3.6215789473684211","2005-08-23 07:53:38"
"Hobbit Alien","Drama","68.74","26","2.6438461538461538","2005-08-22 13:06:26"
"Amelie Hellfighters","Music","67.90","10","6.7900000000000000","2005-08-23 12:07:51"
"Liberty Magnificent","Sports","67.89","11","6.1718181818181818","2005-08-23 06:03:31"
"Dinosaur Secretary","Family","67.81","19","3.5689473684210526","2005-08-23 20:07:10"
"Jumping Wrath","Children","67.79","21","3.2280952380952381","2005-08-23 17:09:31"
"Goldfinger Sensibility","Drama","67.79","21","3.2280952380952381","2005-08-22 00:46:54"
"Graffiti Love","Sci-Fi","67.74","26","2.6053846153846154","2005-08-23 15:03:58"
"Rugrats Shakespeare","Action","67.72","28","2.4185714285714286","2005-08-23 20:47:28"
"Caribbean Liberty","Sports","66.92","8","8.3650000000000000","2005-08-23 00:05:57"
"Twisted Pirates","Children","66.89","11","6.0809090909090909","2005-08-23 12:33:41"
"Home Pity","Music","66.88","12","5.5733333333333333","2005-08-21 09:39:50"
"Dangerous Uptown","Foreign","66.88","12","5.5733333333333333","2005-08-23 10:32:52"
"Past Suicides","Foreign","66.88","12","5.5733333333333333","2005-08-20 21:50:11"
"Charade Duffel","Sci-Fi","66.87","13","5.1438461538461538","2005-08-23 22:20:40"
"Boiled Dares","Travel","66.87","13","5.1438461538461538","2005-08-21 04:30:47"
"Worst Banger","Action","66.85","15","4.4566666666666667","2005-08-23 01:13:52"
"Zoolander Fiction","Children","66.85","15","4.4566666666666667","2005-08-23 08:48:43"
"Egypt Tenenbaums","Horror","66.84","16","4.1775000000000000","2005-08-22 18:39:11"
"Wonka Sea","Animation","66.82","18","3.7122222222222222","2005-08-23 16:07:15"
"Pollock Deliverance","Foreign","66.82","17","3.9305882352941176","2006-02-14 15:16:03"
"Stranger Strangers","Children","65.90","10","6.5900000000000000","2005-08-20 15:18:20"
"War Notting","Foreign","65.88","12","5.4900000000000000","2005-08-23 00:11:52"
"Usual Untouchables","Foreign","65.88","12","5.4900000000000000","2005-08-23 16:08:15"
"Chamber Italian","Music","65.88","13","5.0676923076923077","2006-02-14 15:16:03"
"Lonely Elephant","Comedy","65.87","13","5.0669230769230769","2005-08-21 16:44:32"
"Chariots Conspiracy","Sci-Fi","65.81","19","3.4636842105263158","2005-08-22 06:17:12"
"House Dynamite","Family","65.80","20","3.2900000000000000","2005-08-23 20:16:27"
"Snowman Rollercoaster","Animation","65.79","21","3.1328571428571429","2005-08-23 20:08:26"
"Madness Attacks","Foreign","65.77","23","2.8595652173913043","2005-08-22 17:27:23"
"Elephant Trojan","Horror","64.90","10","6.4900000000000000","2005-08-22 16:15:33"
"Fiddler Lost","Sci-Fi","64.90","10","6.4900000000000000","2005-08-23 14:12:22"
"Gunfighter Mussolini","Sports","64.89","11","5.8990909090909091","2005-08-23 03:30:45"
"Madison Trap","Documentary","64.87","13","4.9900000000000000","2005-08-22 12:24:55"
"Divine Resurrection","Games","64.85","15","4.3233333333333333","2006-02-14 15:16:03"
"Swarm Gold","Horror","64.77","23","2.8160869565217391","2006-02-14 15:16:03"
"Daddy Pittsburgh","Comedy","63.89","11","5.8081818181818182","2005-08-22 01:17:16"
"Anthem Luke","Comedy","63.89","11","5.8081818181818182","2005-08-22 22:37:34"
"Mother Oleander","Sports","63.87","13","4.9130769230769231","2005-08-23 15:59:51"
"Bill Others","Documentary","63.82","18","3.5455555555555556","2005-08-23 19:50:06"
"Champion Flatliners","Animation","62.90","10","6.2900000000000000","2005-08-23 16:44:25"
"Games Bowfinger","Travel","62.88","12","5.2400000000000000","2005-08-23 02:33:27"
"Lovely Jingle","Classics","62.87","13","4.8361538461538462","2006-02-14 15:16:03"
"Potter Connecticut","Animation","62.85","15","4.1900000000000000","2005-08-22 01:20:19"
"Gaslight Crusade","Horror","62.84","16","3.9275000000000000","2005-08-23 18:45:06"
"Driver Annie","Sports","62.84","16","3.9275000000000000","2006-02-14 15:16:03"
"Reap Unfaithful","Horror","62.84","16","3.9275000000000000","2005-08-23 05:32:03"
"Neighbors Charade","Sports","62.83","17","3.6958823529411765","2005-08-21 23:40:28"
"Lebowski Soldiers","Drama","62.82","18","3.4900000000000000","2005-08-23 12:15:51"
"Wrong Behavior","Children","62.80","20","3.1400000000000000","2005-08-23 18:54:07"
"Detective Vision","Classics","62.76","24","2.6150000000000000","2006-02-14 15:16:03"
"Loathing Legally","Classics","62.74","26","2.4130769230769231","2006-02-14 15:16:03"
"Casualties Encino","Action","61.92","8","7.7400000000000000","2005-08-21 14:47:09"
"Wyoming Storm","New","61.89","11","5.6263636363636364","2005-08-23 18:31:40"
"Alone Trip","Music","61.83","17","3.6370588235294118","2006-02-14 15:16:03"
"Insider Arizona","Music","61.83","17","3.6370588235294118","2006-02-14 15:16:03"
"Pond Seattle","Animation","61.82","18","3.4344444444444444","2005-08-22 11:09:18"
"Excitement Eve","Action","61.80","20","3.0900000000000000","2005-08-22 15:52:57"
"Divide Monster","Sci-Fi","61.80","20","3.0900000000000000","2005-08-20 14:23:16"
"Orange Grapes","Foreign","61.78","22","2.8081818181818182","2005-08-23 20:13:31"
"Spartacus Cheaper","Family","60.91","9","6.7677777777777778","2005-08-21 08:40:21"
"Opus Ice","Foreign","60.90","10","6.0900000000000000","2005-08-22 06:10:53"
"Noon Papi","Children","60.85","15","4.0566666666666667","2005-08-20 12:33:36"
"Earring Instinct","Family","60.83","17","3.5782352941176471","2005-08-23 13:56:40"
"Sinners Atlantis","Horror","60.81","19","3.2005263157894737","2005-08-22 14:59:30"
"Dynamite Tarzan","Classics","60.77","23","2.6421739130434783","2005-08-23 19:06:04"
"Family Sweet","Horror","60.73","26","2.3357692307692308","2006-02-14 15:16:03"
"King Evolution","Family","59.92","8","7.4900000000000000","2005-08-21 11:36:15"
"Jingle Sagebrush","Classics","59.89","11","5.4445454545454545","2005-08-23 00:37:21"
"Born Spinal","Travel","59.88","12","4.9900000000000000","2005-08-23 13:45:44"
"Jaws Harry","Comedy","59.87","13","4.6053846153846154","2005-08-21 12:07:25"
"Artist Coldblooded","Sports","59.86","14","4.2757142857142857","2005-08-22 19:44:53"
"Nemo Campus","Sci-Fi","59.86","14","4.2757142857142857","2005-08-23 03:03:40"
"Manchurian Curtain","Family","59.86","14","4.2757142857142857","2005-08-23 21:10:24"
"Honey Ties","Sports","59.84","16","3.7400000000000000","2005-08-23 02:45:21"
"Clones Pinocchio","Music","59.83","17","3.5194117647058824","2005-08-22 05:53:52"
"Barefoot Manchurian","Action","59.83","17","3.5194117647058824","2005-08-23 19:45:25"
"Homicide Peach","Family","59.82","18","3.3233333333333333","2005-08-23 09:02:04"
"Smile Earring","Travel","58.90","10","5.8900000000000000","2005-08-19 19:11:41"
"Sweet Brotherhood","Travel","58.89","11","5.3536363636363636","2005-08-23 19:35:42"
"Nash Chocolat","Animation","58.87","13","4.5284615384615385","2005-08-22 06:19:37"
"Fury Murder","Children","58.83","17","3.4605882352941176","2005-08-22 06:05:38"
"Doom Dancing","Comedy","58.83","17","3.4605882352941176","2005-08-22 19:08:49"
"Fiction Christmas","Foreign","58.81","19","3.0952631578947368","2005-08-23 13:18:16"
"Chicken Hellfighters","Documentary","58.81","19","3.0952631578947368","2005-08-23 22:06:34"
"Packer Madigan","Animation","58.80","20","2.9400000000000000","2005-08-23 02:02:53"
"Hills Neighbors","Action","58.79","21","2.7995238095238095","2005-08-23 04:17:56"
"October Submarine","Classics","57.90","10","5.7900000000000000","2005-08-23 18:43:31"
"Lambs Cincinatti","Games","57.90","10","5.7900000000000000","2005-08-22 15:53:32"
"Temple Attraction","Horror","57.90","10","5.7900000000000000","2005-08-23 06:09:44"
"Sierra Divide","Sports","57.85","15","3.8566666666666667","2005-08-23 10:35:45"
"Fireball Philadelphia","Comedy","57.81","19","3.0426315789473684","2005-08-22 19:41:37"
"Brannigan Sunrise","New","56.91","9","6.3233333333333333","2005-08-23 16:24:24"
"Element Freddy","Comedy","56.90","10","5.6900000000000000","2005-08-23 13:06:19"
"Opposite Necklace","Family","56.89","11","5.1718181818181818","2006-02-14 15:16:03"
"Meet Chocolate","Foreign","56.89","11","5.1718181818181818","2005-08-23 20:44:10"
"Bowfinger Gables","Horror","56.89","11","5.1718181818181818","2005-08-19 10:49:03"
"Fugitive Maguire","Travel","56.89","11","5.1718181818181818","2005-08-23 13:33:46"
"Massage Image","Animation","56.89","11","5.1718181818181818","2005-08-21 13:53:33"
"Turn Star","Animation","56.88","12","4.7400000000000000","2005-08-22 16:06:23"
"Identity Lover","Sci-Fi","56.88","12","4.7400000000000000","2005-08-21 13:55:39"
"Boulevard Mob","New","56.84","16","3.5525000000000000","2006-02-14 15:16:03"
"Creatures Shakespeare","Games","56.84","16","3.5525000000000000","2006-02-14 15:16:03"
"Cider Desire","Documentary","56.83","17","3.3429411764705882","2005-08-23 11:16:16"
"River Outlaw","Sports","56.82","19","2.9905263157894737","2006-02-14 15:16:03"
"Double Wrath","Animation","56.79","21","2.7042857142857143","2005-08-23 00:56:01"
"Grapes Fury","Foreign","56.77","22","2.5804545454545455","2006-02-14 15:16:03"
"State Wasteland","Games","55.89","12","4.6575000000000000","2006-02-14 15:16:03"
"Analyze Hoosiers","Horror","55.86","14","3.9900000000000000","2005-08-22 17:58:27"
"Beach Heartbreakers","Documentary","55.86","14","3.9900000000000000","2005-08-23 15:29:17"
"Mummy Creatures","Sports","55.85","15","3.7233333333333333","2006-02-14 15:16:03"
"Greek Everyone","Foreign","55.83","17","3.2841176470588235","2005-08-19 23:38:02"
"Straight Hours","Sports","55.81","19","2.9373684210526316","2005-08-22 16:33:39"
"Magnificent Chitty","Classics","54.92","8","6.8650000000000000","2005-08-19 19:35:13"
"Lover Truman","Classics","54.91","9","6.1011111111111111","2005-08-21 15:44:23"
"Monsoon Cause","Games","54.91","9","6.1011111111111111","2005-08-19 10:33:52"
"Ali Forever","Horror","54.91","9","6.1011111111111111","2006-02-14 15:16:03"
"Racer Egg","Drama","54.83","17","3.2252941176470588","2005-08-23 17:36:00"
"Outfield Massacre","Music","54.82","18","3.0455555555555556","2006-02-14 15:16:03"
"Dalmations Sweden","Drama","54.82","18","3.0455555555555556","2005-08-21 23:09:32"
"Tights Dawn","Sports","54.76","24","2.2816666666666667","2005-08-23 07:07:22"
"Nuts Ties","New","53.91","9","5.9900000000000000","2005-08-23 18:43:22"
"Frisco Forrest","Sci-Fi","53.91","9","5.9900000000000000","2006-02-14 15:16:03"
"Bird Independence","Travel","53.91","9","5.9900000000000000","2005-08-23 22:13:04"
"Circus Youth","Children","53.86","14","3.8471428571428571","2005-08-23 12:41:07"
"Jade Bunch","Sports","53.85","15","3.5900000000000000","2005-08-23 15:30:48"
"Perfect Groove","Comedy","53.84","16","3.3650000000000000","2005-08-23 21:37:59"
"Fight Jawbreaker","Animation","53.80","20","2.6900000000000000","2006-02-14 15:16:03"
"Mockingbird Hollywood","Action","53.78","22","2.4445454545454545","2006-02-14 15:16:03"
"Ace Goldfinger","Horror","52.93","7","7.5614285714285714","2006-02-14 15:16:03"
"Guys Falcon","Sci-Fi","52.92","8","6.6150000000000000","2005-08-22 04:31:50"
"Vanilla Day","Games","52.91","9","5.8788888888888889","2005-08-21 12:47:38"
"Doubtfire Labyrinth","Foreign","52.91","9","5.8788888888888889","2005-08-21 00:44:34"
"Right Cranes","Classics","52.90","10","5.2900000000000000","2005-08-21 06:39:08"
"Sensibility Rear","Family","52.90","10","5.2900000000000000","2005-08-21 14:57:03"
"Purple Movie","Foreign","52.88","12","4.4066666666666667","2005-08-23 18:44:21"
"Shane Darkness","Travel","52.87","13","4.0669230769230769","2005-08-22 07:32:23"
"Patriot Roman","Action","52.85","15","3.5233333333333333","2005-08-22 16:40:21"
"Willow Tracy","Family","52.85","15","3.5233333333333333","2005-08-23 10:11:40"
"Gilmore Boiled","Classics","52.76","24","2.1983333333333333","2005-08-22 17:18:32"
"Panic Club","Horror","51.93","7","7.4185714285714286","2005-08-22 17:32:57"
"North Tequila","Documentary","51.91","9","5.7677777777777778","2005-08-23 14:06:19"
"Pilot Hoosiers","Family","51.86","14","3.7042857142857143","2005-08-20 05:50:05"
"Moulin Wake","Travel","51.84","16","3.2400000000000000","2005-08-22 10:24:32"
"Rouge Squad","Games","51.84","16","3.2400000000000000","2005-08-23 11:33:25"
"Enough Raging","Travel","51.84","16","3.2400000000000000","2006-02-14 15:16:03"
"Anaconda Confessions","Animation","51.82","18","2.8788888888888889","2005-08-20 21:21:08"
"Karate Moon","Horror","51.80","20","2.5900000000000000","2005-08-23 15:46:33"
"Iron Moon","Classics","50.90","10","5.0900000000000000","2005-08-23 14:05:37"
"Lost Bird","Foreign","50.90","10","5.0900000000000000","2005-08-21 06:21:24"
"Chisum Behavior","Family","50.90","10","5.0900000000000000","2005-08-20 08:57:28"
"Window Side","Travel","50.89","11","4.6263636363636364","2006-02-14 15:16:03"
"Reunion Witches","Drama","50.82","18","2.8233333333333333","2005-08-23 07:43:00"
"Annie Identity","Sci-Fi","50.81","19","2.6742105263157895","2005-08-23 03:30:51"
"Sun Confessions","Sci-Fi","50.77","23","2.2073913043478261","2005-08-22 10:07:52"
"Handicap Boondock","Action","50.76","24","2.1150000000000000","2005-08-22 18:04:22"
"Bound Cheaper","Classics","50.76","24","2.1150000000000000","2006-02-14 15:16:03"
"Exorcist Sting","Sports","49.88","12","4.1566666666666667","2005-08-21 09:49:28"
"Valley Packer","Comedy","49.88","12","4.1566666666666667","2005-08-22 01:10:32"
"Mask Peach","New","49.86","14","3.5614285714285714","2005-08-22 15:56:42"
"Heaven Freedom","Comedy","49.85","15","3.3233333333333333","2005-08-23 14:42:07"
"Novocaine Flight","Sports","49.82","18","2.7677777777777778","2005-08-22 23:06:25"
"Chocolat Harry","Family","49.81","19","2.6215789473684211","2005-08-20 09:07:39"
"Dancing Fever","Documentary","49.76","24","2.0733333333333333","2005-08-22 11:11:51"
"Park Citizen","Action","48.94","6","8.1566666666666667","2005-08-20 20:26:53"
"Madigan Dorado","Travel","48.92","8","6.1150000000000000","2005-08-23 01:45:07"
"Gosford Donnie","Action","48.92","8","6.1150000000000000","2005-08-22 07:35:31"
"Mod Secretary","Documentary","48.91","9","5.4344444444444444","2005-08-21 09:16:40"
"Rider Caddyshack","Sports","48.89","11","4.4445454545454545","2005-08-22 17:00:31"
"Monster Spartacus","Music","48.86","14","3.4900000000000000","2006-02-14 15:16:03"
"Varsity Trip","New","48.84","16","3.0525000000000000","2006-02-14 15:16:03"
"Rock Instinct","Horror","48.83","17","2.8723529411764706","2005-08-23 07:54:54"
"Kick Savannah","Travel","48.83","17","2.8723529411764706","2006-02-14 15:16:03"
"Sleuth Orient","Games","48.81","19","2.5689473684210526","2005-08-22 08:21:21"
"Slums Duck","Family","48.78","22","2.2172727272727273","2005-08-22 13:59:19"
"Sense Greek","Sports","47.93","7","6.8471428571428571","2005-08-23 17:52:01"
"Reds Pocus","Music","47.92","8","5.9900000000000000","2005-08-23 21:04:51"
"Kramer Chocolate","Sports","47.91","9","5.3233333333333333","2005-08-22 11:58:58"
"African Egg","Family","47.89","11","4.3536363636363636","2006-02-14 15:16:03"
"Madre Gables","Games","47.87","13","3.6823076923076923","2005-08-23 11:15:20"
"Dirty Ace","Games","47.87","13","3.6823076923076923","2005-08-21 18:35:44"
"Worker Tarzan","Travel","47.86","14","3.4185714285714286","2005-08-22 19:54:26"
"Gables Metropolis","Family","47.83","17","2.8135294117647059","2006-02-14 15:16:03"
"Haunting Pianist","Games","47.80","20","2.3900000000000000","2005-08-23 16:15:45"
"Virginian Pluto","Documentary","47.75","25","1.9100000000000000","2006-02-14 15:16:03"
"Wonderful Drop","Foreign","46.92","8","5.8650000000000000","2005-08-22 21:24:19"
"Grosse Wonderful","Music","46.92","8","5.8650000000000000","2005-08-21 13:54:15"
"Trainspotting Strangers","Comedy","46.91","9","5.2122222222222222","2005-08-23 19:22:36"
"Stage World","Comedy","46.90","10","4.6900000000000000","2005-08-21 04:49:41"
"Shrunk Divine","Action","46.87","13","3.6053846153846154","2005-08-23 18:51:41"
"Alley Evolution","Foreign","46.87","13","3.6053846153846154","2005-08-22 07:10:26"
"Town Ark","Foreign","46.87","13","3.6053846153846154","2005-08-22 18:05:21"
"Caddyshack Jedi","Action","46.86","14","3.3471428571428571","2005-08-23 14:27:07"
"Troopers Metal","New","46.86","14","3.3471428571428571","2005-08-23 07:25:29"
"Indian Love","Family","46.85","15","3.1233333333333333","2005-08-23 16:50:43"
"Newton Labyrinth","Foreign","46.84","16","2.9275000000000000","2005-08-22 11:43:42"
"Gunfight Moon","Comedy","46.79","21","2.2280952380952381","2006-02-14 15:16:03"
"Clerks Angels","Documentary","45.94","6","7.6566666666666667","2005-08-21 04:49:48"
"Casper Dragonfly","Children","45.93","7","6.5614285714285714","2005-08-21 20:01:34"
"Lolita World","Family","45.91","9","5.1011111111111111","2005-08-23 21:13:39"
"Bugsy Song","Foreign","45.91","9","5.1011111111111111","2005-08-21 16:03:27"
"Darkness War","Drama","45.88","12","3.8233333333333333","2005-08-22 00:40:49"
"Uprising Uptown","Action","45.87","13","3.5284615384615385","2005-08-23 16:54:09"
"Pirates Roxanne","Sports","45.81","18","2.5450000000000000","2006-02-14 15:16:03"
"Crusade Honey","Sports","44.93","7","6.4185714285714286","2005-08-23 13:01:43"
"Speed Suit","Travel","44.92","8","5.6150000000000000","2005-08-20 14:42:34"
"Darling Breaking","Games","44.92","8","5.6150000000000000","2005-08-21 19:14:48"
"Ship Wonderland","Documentary","44.86","14","3.2042857142857143","2005-08-22 01:35:37"
"Hours Rage","New","44.82","18","2.4900000000000000","2005-08-22 16:49:02"
"Drop Waterfront","Sports","43.92","8","5.4900000000000000","2005-08-22 10:39:51"
"Anything Savannah","Horror","43.92","8","5.4900000000000000","2005-08-22 02:09:12"
"Potluck Mixed","Animation","43.90","10","4.3900000000000000","2005-08-23 06:48:47"
"Microcosmos Paradise","Children","43.88","12","3.6566666666666667","2005-08-23 22:14:31"
"Cyclone Family","Foreign","43.87","14","3.1335714285714286","2006-02-14 15:16:03"
"Personal Ladybugs","Music","43.87","13","3.3746153846153846","2005-08-22 15:30:25"
"Freaky Pocus","Music","43.86","14","3.1328571428571429","2005-08-22 18:57:39"
"Shanghai Tycoon","Travel","43.86","14","3.1328571428571429","2005-08-21 19:01:36"
"United Pilot","Documentary","43.85","15","2.9233333333333333","2005-08-21 21:50:51"
"Go Purple","Music","43.83","17","2.5782352941176471","2005-08-23 14:38:37"
"Pacific Amistad","Documentary","43.81","19","2.3057894736842105","2005-08-23 02:25:09"
"Goldmine Tycoon","Sci-Fi","43.76","24","1.8233333333333333","2005-08-22 12:47:45"
"Ishtar Rocketeer","Animation","42.94","6","7.1566666666666667","2005-08-22 18:03:11"
"Run Pacific","New","42.91","9","4.7677777777777778","2005-08-22 08:52:53"
"Wars Pluto","Documentary","42.90","10","4.2900000000000000","2005-08-22 10:34:39"
"Modern Dorado","Documentary","42.88","12","3.5733333333333333","2005-08-23 14:31:50"
"Express Lonely","Sci-Fi","42.88","12","3.5733333333333333","2005-08-23 16:22:20"
"Scissorhands Slums","Foreign","42.88","12","3.5733333333333333","2005-08-22 05:59:59"
"Uncut Suicides","Music","42.87","13","3.2976923076923077","2005-08-23 05:04:33"
"Graduate Lord","Children","42.87","13","3.2976923076923077","2005-08-22 06:30:10"
"Stock Glass","New","42.87","13","3.2976923076923077","2005-08-23 09:23:08"
"Entrapment Satisfaction","Action","42.87","13","3.2976923076923077","2005-08-23 09:02:03"
"Lock Rear","Travel","42.86","14","3.0614285714285714","2005-08-23 03:52:36"
"Kwai Homeward","Drama","42.80","20","2.1400000000000000","2005-08-22 19:44:00"
"Voyage Legally","Classics","42.75","25","1.7100000000000000","2005-08-23 22:26:47"
"Storm Happiness","Animation","42.74","26","1.6438461538461538","2005-08-22 20:44:35"
"Punk Divorce","Animation","41.93","7","5.9900000000000000","2005-08-20 16:51:18"
"Hoosiers Birdcage","Foreign","41.92","8","5.2400000000000000","2005-08-18 00:14:03"
"Hotel Happiness","Foreign","41.92","8","5.2400000000000000","2005-08-22 19:23:58"
"Miracle Virtual","Animation","41.92","8","5.2400000000000000","2005-08-18 15:15:44"
"Breaking Home","New","41.90","10","4.1900000000000000","2005-08-19 10:15:19"
"Speakeasy Date","Action","41.89","11","3.8081818181818182","2005-08-21 17:48:49"
"Party Knock","Comedy","41.88","12","3.4900000000000000","2005-08-23 17:44:53"
"Date Speed","Family","41.88","12","3.4900000000000000","2005-08-21 16:32:32"
"Labyrinth League","Children","41.87","13","3.2207692307692308","2005-08-22 21:41:40"
"Armageddon Lost","Sci-Fi","41.80","20","2.0900000000000000","2006-02-14 15:16:03"
"Clue Grail","Music","40.93","7","5.8471428571428571","2005-08-18 22:11:37"
"Eve Resurrection","New","40.93","7","5.8471428571428571","2005-08-18 19:36:05"
"Baby Hall","Foreign","40.93","7","5.8471428571428571","2005-08-22 03:47:39"
"Matrix Snowman","Foreign","40.92","8","5.1150000000000000","2005-08-21 09:20:03"
"Platoon Instinct","New","40.92","8","5.1150000000000000","2005-08-21 10:16:27"
"Tarzan Videotape","Horror","40.92","8","5.1150000000000000","2005-08-22 01:32:14"
"Grail Frankenstein","Action","40.92","8","5.1150000000000000","2006-02-14 15:16:03"
"Frida Slipper","Foreign","40.90","11","3.7181818181818182","2006-02-14 15:16:03"
"Wasteland Divine","Classics","40.88","12","3.4066666666666667","2005-08-21 11:20:21"
"Hunting Musketeers","Family","40.88","12","3.4066666666666667","2005-08-23 16:18:25"
"Paris Weekend","Horror","40.88","12","3.4066666666666667","2005-08-23 07:23:29"
"Forever Candidate","Children","40.88","12","3.4066666666666667","2005-08-23 19:35:42"
"Groove Fiction","Sports","40.83","17","2.4017647058823529","2005-08-21 12:47:53"
"Tramp Others","Comedy","40.82","18","2.2677777777777778","2005-08-22 11:05:34"
"Banger Pinocchio","Music","40.80","20","2.0400000000000000","2005-08-23 21:01:09"
"Effect Gladiator","Family","40.79","21","1.9423809523809524","2006-02-14 15:16:03"
"Splendor Patton","Children","40.79","21","1.9423809523809524","2005-08-23 14:23:03"
"Pocus Pulp","Documentary","40.75","25","1.6300000000000000","2005-08-23 15:21:19"
"Terminator Club","Music","39.94","6","6.6566666666666667","2005-08-22 06:49:15"
"Jersey Sassy","Children","39.94","6","6.6566666666666667","2005-08-18 23:21:50"
"Fire Wolves","Games","39.93","7","5.7042857142857143","2005-08-20 19:19:30"
"Intolerable Intentions","Documentary","39.93","7","5.7042857142857143","2005-08-19 03:38:32"
"Legally Secretary","Children","39.92","8","4.9900000000000000","2005-08-22 15:25:33"
"Hollow Jeopardy","Sci-Fi","39.92","8","4.9900000000000000","2005-08-22 11:49:16"
"Rollercoaster Bringing","Horror","39.91","9","4.4344444444444444","2005-08-23 21:26:35"
"Lord Arizona","Action","39.90","10","3.9900000000000000","2006-02-14 15:16:03"
"Hamlet Wisdom","Sci-Fi","39.88","12","3.3233333333333333","2005-08-20 10:31:01"
"Spinal Rocky","Family","39.87","13","3.0669230769230769","2005-08-23 09:38:17"
"Cabin Flash","Children","39.86","14","2.8471428571428571","2005-08-21 15:57:25"
"Pajama Jawbreaker","Classics","39.86","14","2.8471428571428571","2005-08-21 23:47:16"
"Disciple Mother","Travel","39.82","18","2.2122222222222222","2006-02-14 15:16:03"
"Mourning Purple","Sci-Fi","39.81","19","2.0952631578947368","2005-08-22 19:54:52"
"Italian African","Travel","38.94","6","6.4900000000000000","2005-08-23 16:19:14"
"Records Zorro","Sports","38.93","7","5.5614285714285714","2005-08-23 21:00:22"
"Spiking Element","Classics","38.88","12","3.2400000000000000","2005-08-22 13:03:52"
"Midnight Westward","Action","38.84","16","2.4275000000000000","2006-02-14 15:16:03"
"Encounters Curtain","Drama","38.82","18","2.1566666666666667","2005-08-23 13:25:08"
"Club Graffiti","Animation","38.82","17","2.2835294117647059","2006-02-14 15:16:03"
"Women Dorado","Action","38.81","20","1.9405000000000000","2006-02-14 15:16:03"
"Crooked Frogmen","Children","38.79","21","1.8471428571428571","2006-02-14 15:16:03"
"Pianist Outfield","New","38.78","21","1.8466666666666667","2006-02-14 15:16:03"
"Graceland Dynamite","Sports","37.94","6","6.3233333333333333","2005-08-17 07:46:54"
"Vertigo Northwest","Comedy","37.92","8","4.7400000000000000","2005-08-23 15:38:34"
"Godfather Diary","New","37.92","8","4.7400000000000000","2005-08-22 11:19:22"
"Life Twisted","Comedy","37.92","8","4.7400000000000000","2005-08-23 13:16:15"
"Snatchers Montezuma","Classics","37.91","9","4.2122222222222222","2005-08-23 19:13:46"
"Prix Undefeated","Family","37.90","10","3.7900000000000000","2005-08-20 13:26:37"
"Shrek License","Foreign","37.88","12","3.1566666666666667","2006-02-14 15:16:03"
"Roots Remember","Classics","37.86","14","2.7042857142857143","2005-08-23 16:27:24"
"Joon Northwest","Sports","37.84","16","2.3650000000000000","2005-08-23 16:45:28"
"Coast Rainbow","Documentary","37.82","18","2.1011111111111111","2005-08-23 10:00:24"
"Alaska Phantom","Music","37.77","23","1.6421739130434783","2005-08-23 06:11:52"
"Caper Motions","Comedy","37.77","23","1.6421739130434783","2005-08-23 22:18:51"
"Early Home","Animation","36.94","6","6.1566666666666667","2005-08-21 17:57:26"
"Soldiers Evolution","Sci-Fi","36.93","7","5.2757142857142857","2005-08-20 14:06:33"
"Elizabeth Shane","Sports","36.93","7","5.2757142857142857","2005-08-21 14:51:52"
"Drumline Cyclone","Travel","36.90","10","3.6900000000000000","2005-08-21 07:56:39"
"Army Flintstones","Documentary","36.86","14","2.6328571428571429","2005-08-22 18:27:33"
"Necklace Outbreak","Drama","36.86","14","2.6328571428571429","2005-08-23 09:35:34"
"Majestic Floats","Documentary","36.85","15","2.4566666666666667","2005-08-22 02:04:38"
"Sundance Invasion","Children","36.82","18","2.0455555555555556","2006-02-14 15:16:03"
"Insects Stone","Animation","36.81","18","2.0450000000000000","2006-02-14 15:16:03"
"Intrigue Worst","Foreign","36.81","19","1.9373684210526316","2006-02-14 15:16:03"
"Shootist Superfly","Drama","36.77","23","1.5986956521739130","2005-08-23 05:01:13"
"Westward Seabiscuit","Classics","36.75","25","1.4700000000000000","2005-08-23 08:34:10"
"Primary Glass","Action","36.73","27","1.3603703703703704","2005-08-21 08:58:38"
"President Bang","Family","35.94","6","5.9900000000000000","2005-08-21 08:33:42"
"Bubble Grosse","Sports","35.94","6","5.9900000000000000","2006-02-14 15:16:03"
"Frontier Cabin","New","35.94","6","5.9900000000000000","2005-08-21 05:51:28"
"School Jacket","Foreign","35.94","6","5.9900000000000000","2005-08-21 09:25:11"
"Glass Dying","Action","35.88","12","2.9900000000000000","2005-08-23 15:58:05"
"Fantasy Troopers","Action","35.79","21","1.7042857142857143","2005-08-22 12:16:46"
"Moon Bunch","Foreign","35.74","26","1.3746153846153846","2005-08-22 10:49:06"
"Story Side","Action","35.74","26","1.3746153846153846","2005-08-23 17:48:30"
"Elf Murder","Music","34.94","6","5.8233333333333333","2005-08-21 08:08:43"
"Adaptation Holes","Documentary","34.89","11","3.1718181818181818","2005-08-23 13:54:39"
"Magnolia Forrester","Action","34.89","11","3.1718181818181818","2005-08-22 11:14:31"
"Donnie Alley","Animation","34.87","13","2.6823076923076923","2005-08-22 16:08:23"
"Illusion Amelie","Foreign","34.87","13","2.6823076923076923","2005-08-23 22:42:48"
"Taxi Kick","Music","34.83","17","2.0488235294117647","2005-08-22 08:27:27"
"Independence Hotel","Documentary","34.82","18","1.9344444444444444","2005-08-22 17:48:10"
"Curtain Videotape","Games","34.77","24","1.4487500000000000","2006-02-14 15:16:03"
"Earth Vision","New","34.77","23","1.5117391304347826","2006-02-14 15:16:03"
"Carrie Bunch","Horror","34.77","23","1.5117391304347826","2005-08-23 21:17:17"
"Talented Homicide","Sports","34.76","24","1.4483333333333333","2005-08-23 03:46:47"
"Fever Empire","Games","33.95","5","6.7900000000000000","2005-08-18 15:32:57"
"Wagon Jaws","Documentary","33.91","9","3.7677777777777778","2005-08-21 12:10:41"
"Cranes Reservoir","Sports","33.91","9","3.7677777777777778","2005-08-22 12:01:06"
"Maguire Apache","Family","33.91","9","3.7677777777777778","2005-08-22 12:38:20"
"Blanket Beverly","Family","33.90","10","3.3900000000000000","2006-02-14 15:16:03"
"Mile Mulan","Sports","33.89","11","3.0809090909090909","2005-08-21 13:22:48"
"Splash Gump","Family","33.86","14","2.4185714285714286","2005-08-22 09:49:32"
"Watch Tracy","Animation","33.85","15","2.2566666666666667","2005-08-22 17:48:28"
"Lion Uncut","Comedy","33.83","17","1.9900000000000000","2005-08-23 03:32:31"
"Wind Phantom","Games","33.79","21","1.6090476190476190","2005-08-23 02:39:56"
"Academy Dinosaur","Documentary","33.79","21","1.6090476190476190","2005-08-23 01:01:01"
"Tequila Past","Children","32.94","6","5.4900000000000000","2005-08-22 07:48:01"
"Heavenly Gun","Music","32.94","6","5.4900000000000000","2005-08-19 09:48:52"
"Bulworth Commandments","Games","32.93","7","4.7042857142857143","2005-08-22 19:17:24"
"Stone Fire","Travel","32.90","10","3.2900000000000000","2005-08-22 22:49:13"
"Maker Gables","Children","32.90","10","3.2900000000000000","2005-08-23 21:52:56"
"Lucky Flying","Music","32.90","10","3.2900000000000000","2005-08-23 07:10:14"
"Saddle Antitrust","Comedy","32.89","11","2.9900000000000000","2005-08-23 19:46:39"
"Robbery Bright","Family","32.88","12","2.7400000000000000","2005-08-21 21:27:24"
"Stampede Disturbing","Games","32.86","14","2.3471428571428571","2005-08-23 06:19:51"
"Summer Scarface","Classics","32.86","14","2.3471428571428571","2006-02-14 15:16:03"
"Volcano Texas","Games","32.81","19","1.7268421052631579","2006-02-14 15:16:03"
"Amadeus Holy","Action","32.80","20","1.6400000000000000","2006-02-14 15:16:03"
"Control Anthem","Comedy","31.94","6","5.3233333333333333","2005-08-22 17:47:40"
"Desperate Trainspotting","Travel","31.94","6","5.3233333333333333","2005-08-22 00:34:17"
"Dozen Lion","Documentary","31.94","6","5.3233333333333333","2005-08-22 23:54:36"
"Haunted Antitrust","Travel","31.94","6","5.3233333333333333","2006-02-14 15:16:03"
"Saints Bride","Drama","31.92","8","3.9900000000000000","2005-08-23 19:59:33"
"Destination Jerk","Drama","31.92","8","3.9900000000000000","2005-08-21 17:08:33"
"Feathers Metal","Games","31.91","9","3.5455555555555556","2005-08-21 17:33:18"
"Random Go","Sci-Fi","31.91","9","3.5455555555555556","2005-08-20 23:47:54"
"Hedwig Alter","Comedy","31.90","10","3.1900000000000000","2005-08-23 08:42:40"
"Song Hedwig","Music","31.90","10","3.1900000000000000","2006-02-14 15:16:03"
"Mighty Luck","Documentary","31.90","10","3.1900000000000000","2005-08-23 08:09:11"
"Natural Stock","Family","31.88","12","2.6566666666666667","2005-08-23 11:02:00"
"Rings Heartbreakers","Action","31.87","13","2.4515384615384615","2005-08-23 02:55:42"
"Bonnie Holocaust","Documentary","31.85","15","2.1233333333333333","2005-08-21 07:59:47"
"Voice Peach","New","31.83","17","1.8723529411764706","2005-08-23 04:33:23"
"Outbreak Divine","Games","31.82","18","1.7677777777777778","2005-08-23 10:22:21"
"Chainsaw Uptown","Sci-Fi","31.81","19","1.6742105263157895","2005-08-23 15:37:31"
"Congeniality Quest","Sports","31.81","19","1.6742105263157895","2005-08-22 23:54:14"
"Feud Frogmen","Family","31.80","20","1.5900000000000000","2005-08-22 16:11:32"
"Seven Swarm","Games","30.95","5","6.1900000000000000","2005-08-23 04:28:25"
"Blood Argonauts","Family","30.93","7","4.4185714285714286","2005-08-22 00:51:25"
"Jumanji Blade","New","30.92","8","3.8650000000000000","2005-08-19 13:56:54"
"Mulan Moon","Comedy","30.89","11","2.8081818181818182","2006-02-14 15:16:03"
"Theory Mermaid","Animation","30.88","11","2.8072727272727273","2006-02-14 15:16:03"
"Factory Dragon","Travel","30.85","15","2.0566666666666667","2005-08-19 20:55:23"
"Mars Roman","Games","30.83","17","1.8135294117647059","2005-08-22 18:53:28"
"Cheaper Clyde","Sci-Fi","30.83","17","1.8135294117647059","2005-08-22 20:17:49"
"Alter Victory","Animation","30.80","20","1.5400000000000000","2005-08-23 03:44:51"
"Gun Bonnie","Games","30.79","21","1.4661904761904762","2005-08-22 19:02:48"
"Alamo Videotape","Foreign","30.78","22","1.3990909090909091","2005-08-22 04:04:31"
"Gone Trouble","Drama","29.92","8","3.7400000000000000","2005-08-22 19:16:04"
"Halloween Nuts","Documentary","29.92","8","3.7400000000000000","2005-08-23 06:50:27"
"Reservoir Adaptation","Foreign","29.91","9","3.3233333333333333","2005-08-23 01:57:20"
"Wisdom Worker","Comedy","29.91","9","3.3233333333333333","2005-08-21 03:40:40"
"Uptown Young","Children","29.90","10","2.9900000000000000","2005-08-21 14:51:35"
"Santa Paris","Children","29.90","10","2.9900000000000000","2005-08-23 20:20:37"
"Side Ark","Action","29.88","12","2.4900000000000000","2005-08-23 15:01:54"
"Roxanne Rebel","Games","29.83","17","1.7547058823529412","2005-08-23 09:01:10"
"Blade Polish","Drama","29.81","20","1.4905000000000000","2006-02-14 15:16:03"
"Chill Luck","Drama","29.79","21","1.4185714285714286","2005-08-23 21:27:11"
"Cowboy Doom","Foreign","28.93","7","4.1328571428571429","2005-08-22 22:28:36"
"Luke Mummy","Animation","28.93","7","4.1328571428571429","2005-08-21 18:35:54"
"Untouchables Sunrise","Documentary","28.93","7","4.1328571428571429","2005-08-20 16:37:35"
"Chitty Lock","Drama","28.92","8","3.6150000000000000","2006-02-14 15:16:03"
"Dwarfs Alter","Games","28.92","8","3.6150000000000000","2006-02-14 15:16:03"
"Won Dares","Music","28.91","9","3.2122222222222222","2005-08-23 01:44:43"
"Jeopardy Encino","Classics","28.90","10","2.8900000000000000","2005-08-20 12:59:38"
"Tootsie Pilot","Children","28.88","12","2.4066666666666667","2005-08-22 18:48:42"
"Dances None","Action","28.87","13","2.2207692307692308","2006-02-14 15:16:03"
"Louisiana Harry","Family","28.84","16","1.8025000000000000","2005-08-23 08:29:53"
"Celebrity Horn","Action","28.79","21","1.3709523809523810","2005-08-23 14:59:51"
"Shepherd Midsummer","Children","28.77","23","1.2508695652173913","2005-08-23 19:51:29"
"Informer Double","Foreign","27.95","5","5.5900000000000000","2005-08-22 16:26:53"
"Papi Necklace","Travel","27.93","7","3.9900000000000000","2005-08-17 17:16:42"
"Antitrust Tomatoes","Action","27.93","7","3.9900000000000000","2005-08-21 01:31:25"
"Squad Fish","Sports","27.93","7","3.9900000000000000","2005-08-23 19:42:46"
"Dolls Rage","Sci-Fi","27.92","8","3.4900000000000000","2005-08-22 01:00:42"
"Mob Duffel","Drama","27.90","10","2.7900000000000000","2005-08-23 22:50:12"
"Dragon Squad","Action","27.89","11","2.5354545454545455","2005-08-23 18:28:09"
"Minority Kiss","Music","27.89","12","2.3241666666666667","2006-02-14 15:16:03"
"Rear Trading","Action","27.85","15","1.8566666666666667","2005-08-22 21:15:46"
"Cleopatra Devil","New","27.85","16","1.7406250000000000","2006-02-14 15:16:03"
"Room Roman","Animation","27.82","18","1.5455555555555556","2005-08-22 21:42:17"
"Encino Elf","Games","27.81","19","1.4636842105263158","2006-02-14 15:16:03"
"Highball Potter","Foreign","27.81","19","1.4636842105263158","2005-08-23 02:48:24"
"Canyon Stock","Animation","27.81","19","1.4636842105263158","2006-02-14 15:16:03"
"Grease Youth","Family","27.80","20","1.3900000000000000","2005-08-23 15:15:19"
"Private Drop","Games","26.95","5","5.3900000000000000","2005-08-19 23:48:23"
"Dares Pluto","Animation","26.92","8","3.3650000000000000","2005-08-18 08:07:45"
"Unfaithful Kill","Drama","26.92","8","3.3650000000000000","2005-08-22 09:03:44"
"Pet Haunting","Foreign","26.92","8","3.3650000000000000","2005-08-22 08:43:50"
"Crazy Home","Comedy","26.91","9","2.9900000000000000","2005-08-22 13:20:28"
"Finding Anaconda","Family","26.90","10","2.6900000000000000","2005-08-21 16:56:39"
"Evolution Alter","Sports","26.88","12","2.2400000000000000","2005-08-20 20:07:15"
"Empire Malkovich","Children","26.81","19","1.4110526315789474","2005-08-20 19:03:25"
"Christmas Moonshine","Children","26.81","19","1.4110526315789474","2005-08-22 11:56:02"
"Bunch Minds","Drama","25.95","5","5.1900000000000000","2005-08-21 16:05:11"
"Pizza Jumanji","Games","25.94","6","4.3233333333333333","2005-08-21 06:20:14"
"Desire Alien","Animation","25.92","8","3.2400000000000000","2005-08-22 16:22:53"
"Translation Summer","Drama","25.87","13","1.9900000000000000","2005-08-20 11:37:56"
"Motions Details","Horror","25.87","14","1.8478571428571429","2006-02-14 15:16:03"
"Borrowers Bedazzled","Animation","25.80","20","1.2900000000000000","2005-08-23 17:42:42"
"Roman Punk","Music","25.79","21","1.2280952380952381","2005-08-23 15:59:12"
"Train Bunch","Horror","24.96","4","6.2400000000000000","2005-08-23 21:56:04"
"Apocalypse Flamingos","New","24.95","5","4.9900000000000000","2005-08-23 03:50:48"
"Traffic Hobbit","Travel","24.95","5","4.9900000000000000","2005-08-21 16:24:45"
"Hunter Alter","Documentary","24.95","5","4.9900000000000000","2005-08-23 16:44:31"
"Bed Highball","Documentary","24.94","6","4.1566666666666667","2005-08-18 17:34:11"
"World Leathernecks","Horror","24.92","8","3.1150000000000000","2006-02-14 15:16:03"
"Diary Panic","Drama","24.92","8","3.1150000000000000","2005-08-20 21:23:54"
"Oleander Clue","Music","24.91","9","2.7677777777777778","2005-08-22 10:00:04"
"Notorious Reunion","Documentary","24.87","13","1.9130769230769231","2005-08-22 10:58:45"
"Drums Dynamite","Horror","24.87","13","1.9130769230769231","2005-08-22 23:51:23"
"Slipper Fidelity","Sports","24.86","14","1.7757142857142857","2005-08-20 05:59:05"
"Resurrection Silverado","Family","24.81","19","1.3057894736842105","2005-08-22 06:46:59"
"Masked Bubble","Music","24.81","19","1.3057894736842105","2005-08-23 11:30:32"
"Deceiver Betrayed","Drama","24.80","20","1.2400000000000000","2005-08-22 17:53:06"
"Wolves Desire","Travel","24.79","21","1.1804761904761905","2005-08-21 21:04:42"
"Mannequin Worst","New","23.95","5","4.7900000000000000","2005-08-22 17:49:35"
"Doctor Grail","Children","23.95","5","4.7900000000000000","2005-08-20 19:04:40"
"Cassidy Wyoming","Travel","23.94","6","3.9900000000000000","2005-08-23 19:14:07"
"Chaplin License","New","23.92","8","2.9900000000000000","2005-08-20 16:02:28"
"Clyde Theory","New","23.92","8","2.9900000000000000","2005-08-23 17:49:26"
"Birdcage Casper","Music","23.91","9","2.6566666666666667","2005-08-20 08:27:30"
"Reef Salute","Horror","23.89","11","2.1718181818181818","2005-08-22 16:32:23"
"Jungle Closer","New","23.88","12","1.9900000000000000","2005-08-19 04:27:05"
"Homeward Cider","Documentary","23.84","16","1.4900000000000000","2005-08-21 13:07:24"
"Holocaust Highball","Children","23.84","16","1.4900000000000000","2005-08-22 21:36:51"
"Happiness United","Foreign","22.94","6","3.8233333333333333","2006-02-14 15:16:03"
"Lesson Cleopatra","Sports","22.94","6","3.8233333333333333","2005-08-23 03:58:02"
"Extraordinary Conquerer","Classics","22.94","6","3.8233333333333333","2005-08-23 07:28:04"
"Bang Kwai","Family","22.93","7","3.2757142857142857","2006-02-14 15:16:03"
"Newsies Story","Documentary","22.93","7","3.2757142857142857","2005-08-23 10:04:17"
"Shining Roses","Travel","22.92","8","2.8650000000000000","2005-08-23 15:05:59"
"Savannah Town","Drama","22.90","10","2.2900000000000000","2005-08-22 06:07:52"
"Everyone Craft","Foreign","22.89","11","2.0809090909090909","2005-08-23 22:24:39"
"Wrath Mile","Documentary","22.87","13","1.7592307692307692","2005-08-22 20:31:38"
"Love Suicides","Horror","22.85","15","1.5233333333333333","2005-08-23 18:23:11"
"Unforgiven Zoolander","Sci-Fi","22.84","16","1.4275000000000000","2005-08-21 23:33:57"
"Dracula Crystal","Classics","22.81","19","1.2005263157894737","2005-08-23 20:29:56"
"Divorce Shining","Sports","21.95","5","4.3900000000000000","2005-08-22 10:13:09"
"Killer Innocent","Family","21.94","6","3.6566666666666667","2005-08-19 23:37:52"
"Leathernecks Dwarfs","Travel","21.94","6","3.6566666666666667","2005-08-18 07:16:58"
"Warlock Werewolf","Children","21.94","6","3.6566666666666667","2005-08-19 13:12:28"
"Phantom Glory","New","21.94","6","3.6566666666666667","2005-08-19 05:11:47"
"Luck Opus","Drama","21.93","7","3.1328571428571429","2005-08-19 13:09:54"
"Mulholland Beast","Foreign","21.93","7","3.1328571428571429","2006-02-14 15:16:03"
"Arabia Dogma","Horror","21.88","12","1.8233333333333333","2005-08-20 07:47:05"
"Citizen Shrek","Sci-Fi","21.87","13","1.6823076923076923","2005-08-23 09:09:18"
"Vietnam Smoochy","Drama","21.86","14","1.5614285714285714","2005-08-21 19:54:11"
"Bull Shawshank","Action","21.84","16","1.3650000000000000","2006-02-14 15:16:03"
"Patient Sister","Classics","21.82","18","1.2122222222222222","2005-08-23 19:10:32"
"Duck Racer","Animation","20.95","5","4.1900000000000000","2005-08-23 07:50:46"
"Music Boondock","Family","20.83","17","1.2252941176470588","2005-08-23 16:17:09"
"Bride Intrigue","Action","20.82","18","1.1566666666666667","2005-08-23 20:29:10"
"Jedi Beneath","Family","20.82","18","1.1566666666666667","2005-08-21 14:52:14"
"Gathering Calendar","Games","19.90","10","1.9900000000000000","2005-08-22 01:09:04"
"Monterey Labyrinth","Horror","19.89","11","1.8081818181818182","2005-08-22 07:16:45"
"Hunger Roof","Foreign","19.88","12","1.6566666666666667","2006-02-14 15:16:03"
"Sorority Queen","Foreign","19.88","12","1.6566666666666667","2005-08-21 15:24:24"
"Tenenbaums Command","Drama","19.88","12","1.6566666666666667","2005-08-22 21:13:51"
"Odds Boogie","Family","19.87","13","1.5284615384615385","2005-08-23 14:01:07"
"Tomatoes Hellfighters","Travel","19.86","14","1.4185714285714286","2005-08-21 14:11:19"
"Menagerie Rushmore","Animation","18.94","6","3.1566666666666667","2005-08-23 01:38:48"
"Simon North","Horror","18.94","6","3.1566666666666667","2005-08-23 01:22:12"
"Rushmore Mermaid","Comedy","18.94","6","3.1566666666666667","2005-08-22 01:58:15"
"Impact Aladdin","Music","18.92","8","2.3650000000000000","2005-08-18 03:37:31"
"Spoilers Hellfighters","Documentary","18.91","9","2.1011111111111111","2005-08-23 10:57:40"
"Spirited Casualties","Sci-Fi","18.90","10","1.8900000000000000","2005-08-23 06:21:20"
"Language Cowboy","Children","18.90","10","1.8900000000000000","2005-08-19 07:36:42"
"Craft Outfield","Drama","18.86","14","1.3471428571428571","2005-08-21 10:19:25"
"Polish Brooklyn","Children","18.85","15","1.2566666666666667","2005-08-23 13:48:34"
"License Weekend","Sci-Fi","17.94","6","2.9900000000000000","2005-08-20 05:10:39"
"Ladybugs Armageddon","Games","17.94","6","2.9900000000000000","2005-08-22 04:15:48"
"Magic Mallrats","Children","17.93","7","2.5614285714285714","2005-08-22 23:38:01"
"Mystic Truman","Comedy","17.92","8","2.2400000000000000","2005-08-23 16:44:56"
"Holy Tadpole","Classics","17.92","8","2.2400000000000000","2005-08-20 08:27:01"
"Gilbert Pelican","Classics","17.91","9","1.9900000000000000","2005-08-23 20:28:44"
"Ending Crowds","New","17.90","10","1.7900000000000000","2005-08-21 19:09:40"
"Hook Chariots","Animation","17.87","13","1.3746153846153846","2005-08-23 10:35:51"
"Streak Ridgemont","Documentary","17.87","13","1.3746153846153846","2006-02-14 15:16:03"
"Anonymous Human","Sports","17.87","13","1.3746153846153846","2005-08-20 00:18:15"
"Pride Alamo","Animation","17.85","15","1.1900000000000000","2006-02-14 15:16:03"
"Smoking Barbarella","Documentary","17.84","17","1.04941176470588235294","2006-02-14 15:16:03"
"Conspiracy Spirit","Classics","16.95","5","3.3900000000000000","2005-08-18 12:58:40"
"Full Flatliners","Children","16.95","5","3.3900000000000000","2005-08-21 13:32:38"
"Braveheart Human","Family","16.95","5","3.3900000000000000","2005-08-20 16:05:11"
"Youth Kick","Music","16.94","6","2.8233333333333333","2005-08-18 17:31:36"
"Superfly Trip","Travel","16.91","9","1.8788888888888889","2005-08-18 18:58:35"
"Beneath Rush","Children","16.90","10","1.6900000000000000","2005-08-20 09:21:08"
"Frogmen Breaking","Travel","16.90","10","1.6900000000000000","2005-08-19 15:25:48"
"Loverboy Attacks","New","16.89","11","1.5354545454545455","2005-08-21 01:44:14"
"Mosquito Armageddon","Sports","16.89","11","1.5354545454545455","2006-02-14 15:16:03"
"Beethoven Exorcist","Drama","16.89","11","1.5354545454545455","2005-08-20 21:21:34"
"Gandhi Kwai","Family","16.87","13","1.2976923076923077","2005-08-22 05:07:17"
"Siege Madre","Family","16.86","14","1.2042857142857143","2005-08-23 06:33:26"
"Hardly Robbers","Documentary","15.96","4","3.9900000000000000","2005-08-22 20:44:06"
"Mixed Doors","Foreign","15.96","4","3.9900000000000000","2005-08-21 18:34:21"
"Mussolini Spoilers","Sports","15.95","5","3.1900000000000000","2005-08-19 20:53:43"
"Wild Apollo","New","15.94","6","2.6566666666666667","2006-02-14 15:16:03"
"Lawrence Love","Action","15.87","13","1.2207692307692308","2005-08-23 21:45:02"
"Silence Kane","Music","15.85","15","1.05666666666666666667","2005-08-22 20:55:56"
"Glory Tracy","Games","14.95","5","2.9900000000000000","2005-08-23 04:33:39"
"Sling Luke","Classics","14.94","6","2.4900000000000000","2005-08-18 20:20:59"
"Vanished Garden","New","14.94","7","2.1342857142857143","2006-02-14 15:16:03"
"Runner Madigan","Music","14.92","8","1.8650000000000000","2005-08-19 11:33:20"
"Crow Grease","Action","14.89","11","1.3536363636363636","2005-08-23 07:31:10"
"Bedazzled Married","Family","14.88","12","1.2400000000000000","2005-08-23 20:44:36"
"Sassy Packer","Games","14.88","12","1.2400000000000000","2005-08-22 21:19:24"
"Smoochy Control","Sports","14.88","12","1.2400000000000000","2006-02-14 15:16:03"
"Greedy Roots","Drama","14.87","13","1.1438461538461538","2005-08-23 18:01:31"
"Spirit Flintstones","Horror","14.86","14","1.06142857142857142857","2005-08-20 23:18:54"
"Watership Frontier","Horror","13.94","6","2.3233333333333333","2005-08-22 11:48:19"
"Dumbo Lust","Family","13.94","6","2.3233333333333333","2005-08-23 05:55:22"
"Kane Exorcist","Foreign","13.88","12","1.1566666666666667","2005-08-21 02:04:33"
"Hollywood Anonymous","Children","13.87","13","1.06692307692307692308","2005-08-21 01:10:29"
"Hawk Chill","Documentary","12.94","6","2.1566666666666667","2005-08-20 20:42:12"
"Legend Jedi","Music","12.92","8","1.6150000000000000","2005-08-21 19:12:47"
"Notting Speakeasy","Drama","12.91","9","1.4344444444444444","2005-08-22 05:38:32"
"Victory Academy","Sports","12.91","9","1.4344444444444444","2005-08-22 23:18:10"
"Valentine Vanishing","Travel","12.90","10","1.2900000000000000","2005-08-19 07:47:43"
"Vision Torque","Foreign","11.94","6","1.9900000000000000","2005-08-22 16:35:47"
"Runaway Tenenbaums","New","11.93","7","1.7042857142857143","2005-08-21 06:18:22"
"Soup Wisdom","Family","11.93","7","1.7042857142857143","2005-08-20 22:40:47"
"Sunset Racer","Family","11.93","7","1.7042857142857143","2005-08-23 09:40:04"
"Montezuma Command","Action","11.91","9","1.3233333333333333","2005-08-23 14:35:10"
"Clockwork Paradise","Children","11.90","10","1.1900000000000000","2005-08-23 05:26:30"
"Maude Mod","Foreign","10.93","7","1.5614285714285714","2005-08-19 12:04:03"
"Zhivago Core","Horror","10.93","7","1.5614285714285714","2006-02-14 15:16:03"
"Jawbreaker Brooklyn","Music","10.91","9","1.2122222222222222","2005-08-21 19:05:23"
"Towers Hurricane","Classics","10.91","9","1.2122222222222222","2005-08-18 02:37:07"
"Comancheros Enemy","Children","9.94","6","1.6566666666666667","2005-08-23 22:25:26"
"Ballroom Mockingbird","Foreign","9.93","7","1.4185714285714286","2005-08-22 15:42:57"
"Connection Microcosmos","Comedy","8.95","5","1.7900000000000000","2006-02-14 15:16:03"
"Ghostbusters Elf","Animation","8.93","7","1.2757142857142857","2005-08-23 13:24:57"
"Harold French","Drama","8.93","7","1.2757142857142857","2005-08-21 22:27:11"
"Stallion Sundance","Sci-Fi","7.94","6","1.3233333333333333","2005-08-23 07:13:43"
"Japanese Run","Horror","7.94","6","1.3233333333333333","2005-08-23 14:43:15"
"Lights Deer","Classics","7.93","7","1.13285714285714285714","2005-08-18 13:42:14"
"Cruelty Unforgiven","Classics","6.94","6","1.15666666666666666667","2005-08-23 02:39:37"
"Treatment Jekyll","Drama","6.94","6","1.15666666666666666667","2005-08-21 04:09:18"
"Young Language","Documentary","6.93","7","0.99000000000000000000","2005-08-23 01:50:31"
"Rebel Airport","Music","6.93","7","0.99000000000000000000","2005-08-23 01:59:14"
"Freedom Cleopatra","Comedy","5.95","5","1.19000000000000000000","2005-08-21 12:48:08"
"Oklahoma Jumanji","New","5.94","6","0.99000000000000000000","2005-08-23 03:44:30"
"Texas Watch","Horror","5.94","6","0.99000000000000000000","2005-08-21 21:02:22"
"Duffel Apocalypse","Documentary","5.94","6","0.99000000000000000000","2005-08-21 00:21:29"
